"State","year","X","UR","rpci","rtw","dem_leg","rep_leg","bi_leg","UD","Ag","Cl","Man","Pro","Prof","Sale","Serv","fr","stid"
"Alaska",1979,150,30.7,13745,0,0,0,1,34,NA,NA,NA,NA,NA,NA,NA,1.10749185667752,2
"Alaska",1980,149,29.7,15507,0,0,0,1,33.9,NA,NA,NA,NA,NA,NA,NA,1.14141414141414,2
"Alaska",1981,148,33.7,17091,0,0,0,1,35.9,NA,NA,NA,NA,NA,NA,NA,1.06528189910979,2
"Alaska",1982,147,29.3,19424,0,0,0,1,32.6,NA,NA,NA,NA,NA,NA,NA,1.11262798634812,2
"Alaska",1983,146,24.9,19478,0,0,0,1,29.3,NA,NA,NA,NA,NA,NA,NA,1.17670682730924,2
"Alaska",1984,145,24.2,19701,0,0,0,1,28,NA,NA,NA,NA,NA,NA,NA,1.15702479338843,2
"Alaska",1985,144,25,20593,0,0,0,1,28,NA,NA,NA,NA,NA,NA,NA,1.12,2
"Alaska",1986,143,23.3,20331,0,0,0,1,26.8,NA,NA,NA,NA,NA,NA,NA,1.15021459227468,2
"Alaska",1987,142,22.3,19688,0,0,0,1,25.7,NA,NA,NA,NA,NA,NA,NA,1.152466367713,2
"Alaska",1988,141,24.3,20420,0,0,0,1,26.9,NA,NA,NA,NA,NA,NA,NA,1.10699588477366,2
"Alaska",1989,140,22.9,22133,0,0,0,1,25,NA,NA,NA,NA,NA,NA,NA,1.09170305676856,2
"Alaska",1990,139,23.2,23213,0,0,0,1,26,NA,NA,NA,NA,NA,NA,NA,1.12068965517241,2
"Alaska",1991,138,21.6,23510,0,0,0,1,24.2,NA,NA,NA,NA,NA,NA,NA,1.12037037037037,2
"Alaska",1992,137,20.9,24240,0,0,0,1,22.4,NA,NA,NA,NA,NA,NA,NA,1.07177033492823,2
"Alaska",1993,136,20.4,25036,0,0,0,1,22.5,NA,NA,NA,NA,NA,NA,NA,1.10294117647059,2
"Alaska",1994,135,19.4,25713,0,0,1,0,22.4,NA,NA,NA,NA,NA,NA,NA,1.15463917525773,2
"Alaska",1995,134,23.2,26399,0,0,1,0,25.8,NA,NA,NA,NA,NA,NA,NA,1.11206896551724,2
"Alaska",1996,133,22.4,26953,0,0,1,0,24.8,NA,NA,NA,NA,NA,NA,NA,1.10714285714286,2
"Alaska",1997,132,20,28185,0,0,1,0,22.4,"0.0110",0.191,0.0679,0.223,0.2284,0.1082,0.1706,1.12,2
"Alaska",1998,131,20.4,29255,0,0,1,0,23,"0.0056",0.1866,0.072,0.1314,0.2335,0.2722,0.0987,1.12745098039216,2
"Alaska",1999,130,20.4,29951,0,0,1,0,23.5,NA,NA,NA,NA,NA,NA,NA,1.15196078431373,2
"Alaska",2000,129,21.9,32044,0,0,1,0,24.7,NA,NA,NA,NA,NA,NA,NA,1.12785388127854,2
"Alaska",2001,128,22.1,33626,0,0,1,0,24.9,NA,NA,NA,NA,NA,NA,NA,1.12669683257919,2
"Alaska",2002,127,24.5,34756,0,0,1,0,26.9,NA,NA,NA,NA,NA,NA,NA,1.09795918367347,2
"Alaska",2003,126,22.5,35996,0,0,1,0,24.7,NA,NA,NA,NA,NA,NA,NA,1.09777777777778,2
"Alaska",2004,125,20.3,37016,0,0,1,0,22.4,NA,NA,NA,NA,NA,NA,NA,1.10344827586207,2
"Alaska",2005,124,22.9,39075,0,0,1,0,24.1,NA,NA,NA,NA,NA,NA,NA,1.05240174672489,2
"Alaska",2006,123,22.4,41157,0,0,1,0,23.9,NA,NA,NA,NA,NA,NA,NA,1.06696428571429,2
"Alaska",2007,122,23.9,43906,0,0,1,0,24.8,NA,NA,NA,NA,NA,NA,NA,1.03765690376569,2
"Alaska",2008,121,23.7,47869,0,0,0,1,24.9,NA,NA,NA,NA,NA,NA,NA,1.05063291139241,2
"Alaska",2009,120,22.4,47258,0,0,0,1,23.7,NA,NA,NA,NA,NA,NA,NA,1.05803571428571,2
"Alaska",2010,119,23.2,49652,0,0,0,1,25,NA,NA,NA,NA,NA,NA,NA,1.07758620689655,2
"Alaska",2011,118,22.2,52569,0,0,0,1,23.8,NA,NA,NA,NA,NA,NA,NA,1.07207207207207,2
"Alaska",2012,117,22.5,53708,0,0,0,1,24,NA,NA,NA,NA,NA,NA,NA,1.06666666666667,2
"Alaska",2013,116,23,52812,0,0,0,1,24.4,NA,NA,NA,NA,NA,NA,NA,1.06086956521739,2
"Alaska",2014,115,22.7,55867,0,0,1,0,24.2,NA,NA,NA,NA,NA,NA,NA,1.06607929515419,2
"California",1979,315,26,10758,0,1,0,0,29.6,NA,NA,NA,NA,NA,NA,NA,1.13846153846154,5
"California",1980,314,24.4,11945,0,1,0,0,27.8,NA,NA,NA,NA,NA,NA,NA,1.13934426229508,5
"California",1981,313,22.8,13158,0,1,0,0,26.6,NA,NA,NA,NA,NA,NA,NA,1.16666666666667,5
"California",1982,312,22.6,13793,0,1,0,0,26.5,NA,NA,NA,NA,NA,NA,NA,1.17256637168142,5
"California",1983,311,22.3,14582,0,1,0,0,26.4,NA,NA,NA,NA,NA,NA,NA,1.18385650224215,5
"California",1984,310,21.6,15895,0,1,0,0,25.2,NA,NA,NA,NA,NA,NA,NA,1.16666666666667,5
"California",1985,309,20.7,16795,0,1,0,0,24.3,NA,NA,NA,NA,NA,NA,NA,1.17391304347826,5
"California",1986,308,20.3,17588,0,1,0,0,23.5,NA,NA,NA,NA,NA,NA,NA,1.1576354679803,5
"California",1987,307,19.8,18482,0,1,0,0,22.8,NA,NA,NA,NA,NA,NA,NA,1.15151515151515,5
"California",1988,306,18.8,19605,0,1,0,0,22,NA,NA,NA,NA,NA,NA,NA,1.17021276595745,5
"California",1989,305,19.4,20561,0,1,0,0,22.3,NA,NA,NA,NA,NA,NA,NA,1.14948453608247,5
"California",1990,304,18.8,21485,0,1,0,0,21.7,NA,NA,NA,NA,NA,NA,NA,1.15425531914894,5
"California",1991,303,18.7,21857,0,1,0,0,21.4,NA,NA,NA,NA,NA,NA,NA,1.14438502673797,5
"California",1992,302,18.6,22678,0,1,0,0,21.6,NA,NA,NA,NA,NA,NA,NA,1.16129032258065,5
"California",1993,301,18.5,23013,0,1,0,0,20.9,NA,NA,NA,NA,NA,NA,NA,1.12972972972973,5
"California",1994,300,18.3,23581,0,1,0,0,20.7,NA,NA,NA,NA,NA,NA,NA,1.13114754098361,5
"California",1995,299,18.1,24629,0,1,0,0,20.5,NA,NA,NA,NA,NA,NA,NA,1.13259668508287,5
"California",1996,298,16.9,25912,0,1,0,0,19.2,NA,NA,NA,NA,NA,NA,NA,1.13609467455621,5
"California",1997,297,16.4,27171,0,1,0,0,18.4,"0.0240",0.1822,0.0697,0.2333,0.2186,0.1162,0.1561,1.1219512195122,5
"California",1998,296,16.5,29092,0,1,0,0,18.5,"0.0152",0.2057,0.073,0.1427,0.2067,0.2671,0.0896,1.12121212121212,5
"California",1999,295,16.9,30773,0,1,0,0,18.7,NA,NA,NA,NA,NA,NA,NA,1.10650887573965,5
"California",2000,294,16.4,33410,0,1,0,0,18.2,NA,NA,NA,NA,NA,NA,NA,1.10975609756098,5
"California",2001,293,16.8,34046,0,1,0,0,18.3,NA,NA,NA,NA,NA,NA,NA,1.08928571428571,5
"California",2002,292,18.2,34131,0,1,0,0,19.5,NA,NA,NA,NA,NA,NA,NA,1.07142857142857,5
"California",2003,291,17.1,35272,0,1,0,0,18.7,NA,NA,NA,NA,NA,NA,NA,1.09356725146199,5
"California",2004,290,16.7,37070,0,1,0,0,18.1,NA,NA,NA,NA,NA,NA,NA,1.08383233532934,5
"California",2005,289,16.7,38932,0,1,0,0,18,NA,NA,NA,NA,NA,NA,NA,1.07784431137725,5
"California",2006,288,15.8,41746,0,1,0,0,17,NA,NA,NA,NA,NA,NA,NA,1.07594936708861,5
"California",2007,287,16.9,43385,0,1,0,0,18.1,NA,NA,NA,NA,NA,NA,NA,1.07100591715976,5
"California",2008,286,18.6,43567,0,1,0,0,19.7,NA,NA,NA,NA,NA,NA,NA,1.05913978494624,5
"California",2009,285,17.4,41689,0,1,0,0,18.6,NA,NA,NA,NA,NA,NA,NA,1.06896551724138,5
"California",2010,284,17.8,43246,0,1,0,0,18.8,NA,NA,NA,NA,NA,NA,NA,1.0561797752809,5
"California",2011,283,17.4,45557,0,1,0,0,18.5,NA,NA,NA,NA,NA,NA,NA,1.0632183908046,5
"California",2012,282,17.4,48121,0,1,0,0,18.6,NA,NA,NA,NA,NA,NA,NA,1.06896551724138,5
"California",2013,281,16.7,48502,0,1,0,0,17.7,NA,NA,NA,NA,NA,NA,NA,1.05988023952096,5
"California",2014,280,16.6,51266,0,1,0,0,17.8,NA,NA,NA,NA,NA,NA,NA,1.07228915662651,5
"Colorado",1979,370,17.8,9820,0,0,1,0,20.3,NA,NA,NA,NA,NA,NA,NA,1.14044943820225,6
"Colorado",1980,369,15.2,11019,0,0,1,0,18.9,NA,NA,NA,NA,NA,NA,NA,1.24342105263158,6
"Colorado",1981,368,14.4,12386,0,0,1,0,15.5,NA,NA,NA,NA,NA,NA,NA,1.07638888888889,6
"Colorado",1982,367,14.1,13230,0,0,1,0,15.9,NA,NA,NA,NA,NA,NA,NA,1.12765957446809,6
"Colorado",1983,366,13.8,13944,0,0,1,0,16.3,NA,NA,NA,NA,NA,NA,NA,1.18115942028985,6
"Colorado",1984,365,13.1,15030,0,0,1,0,14.8,NA,NA,NA,NA,NA,NA,NA,1.12977099236641,6
"Colorado",1985,364,11.9,15733,0,0,1,0,13.8,NA,NA,NA,NA,NA,NA,NA,1.15966386554622,6
"Colorado",1986,363,12.6,16200,0,0,1,0,14.9,NA,NA,NA,NA,NA,NA,NA,1.18253968253968,6
"Colorado",1987,362,11.6,16685,0,0,1,0,14,NA,NA,NA,NA,NA,NA,NA,1.20689655172414,6
"Colorado",1988,361,10.6,17643,0,0,1,0,12.6,NA,NA,NA,NA,NA,NA,NA,1.18867924528302,6
"Colorado",1989,360,9.3,18930,0,0,1,0,11.4,NA,NA,NA,NA,NA,NA,NA,1.2258064516129,6
"Colorado",1990,359,10.7,19853,0,0,1,0,12.3,NA,NA,NA,NA,NA,NA,NA,1.14953271028037,6
"Colorado",1991,358,9.9,20549,0,0,1,0,11.9,NA,NA,NA,NA,NA,NA,NA,1.2020202020202,6
"Colorado",1992,357,10.2,21625,0,0,1,0,12,NA,NA,NA,NA,NA,NA,NA,1.17647058823529,6
"Colorado",1993,356,9.9,22639,0,0,1,0,11.6,NA,NA,NA,NA,NA,NA,NA,1.17171717171717,6
"Colorado",1994,355,11,23625,0,0,1,0,13.1,NA,NA,NA,NA,NA,NA,NA,1.19090909090909,6
"Colorado",1995,354,10,24995,0,0,1,0,12.2,NA,NA,NA,NA,NA,NA,NA,1.22,6
"Colorado",1996,353,9.9,26336,0,0,1,0,10.9,NA,NA,NA,NA,NA,NA,NA,1.1010101010101,6
"Colorado",1997,352,9.7,27675,0,0,1,0,11.2,"0.0114",0.1795,0.066,0.2249,0.2256,0.1298,0.1624,1.15463917525773,6
"Colorado",1998,351,9.2,29901,0,0,1,0,10.2,"0.0067",0.192,0.0778,0.1324,0.2088,0.2871,0.0953,1.10869565217391,6
"Colorado",1999,350,9.5,31305,0,0,1,0,10.5,NA,NA,NA,NA,NA,NA,NA,1.10526315789474,6
"Colorado",2000,349,9.1,34029,0,0,0,1,10.1,NA,NA,NA,NA,NA,NA,NA,1.10989010989011,6
"Colorado",2001,348,9.2,34897,0,0,0,1,10.6,NA,NA,NA,NA,NA,NA,NA,1.15217391304348,6
"Colorado",2002,347,7.9,34438,0,0,1,0,9.1,NA,NA,NA,NA,NA,NA,NA,1.15189873417722,6
"Colorado",2003,346,7.8,34856,0,0,1,0,9,NA,NA,NA,NA,NA,NA,NA,1.15384615384615,6
"Colorado",2004,345,8.5,35819,0,1,0,0,9.4,NA,NA,NA,NA,NA,NA,NA,1.10588235294118,6
"Colorado",2005,344,8.3,37797,0,1,0,0,9.4,NA,NA,NA,NA,NA,NA,NA,1.13253012048193,6
"Colorado",2006,343,7.7,40137,0,1,0,0,8.7,NA,NA,NA,NA,NA,NA,NA,1.12987012987013,6
"Colorado",2007,342,8.7,42074,0,1,0,0,9.2,NA,NA,NA,NA,NA,NA,NA,1.05747126436782,6
"Colorado",2008,341,8.1,42953,0,1,0,0,9.3,NA,NA,NA,NA,NA,NA,NA,1.14814814814815,6
"Colorado",2009,340,7.1,40093,0,1,0,0,8.3,NA,NA,NA,NA,NA,NA,NA,1.16901408450704,6
"Colorado",2010,339,6.6,40790,0,1,0,0,8.1,NA,NA,NA,NA,NA,NA,NA,1.22727272727273,6
"Colorado",2011,338,8.2,43658,0,1,0,0,9.3,NA,NA,NA,NA,NA,NA,NA,1.13414634146341,6
"Colorado",2012,337,7.9,45630,0,0,0,1,8.9,NA,NA,NA,NA,NA,NA,NA,1.12658227848101,6
"Colorado",2013,336,7.5,47404,0,0,0,1,9.2,NA,NA,NA,NA,NA,NA,NA,1.22666666666667,6
"Colorado",2014,335,9.5,50797,0,1,0,0,10.7,NA,NA,NA,NA,NA,NA,NA,1.12631578947368,6
"Connecticut",1979,425,24.8,10908,0,1,0,0,28.2,NA,NA,NA,NA,NA,NA,NA,1.13709677419355,7
"Connecticut",1980,424,25.8,12365,0,1,0,0,28.2,NA,NA,NA,NA,NA,NA,NA,1.09302325581395,7
"Connecticut",1981,423,24.1,13821,0,1,0,0,27.3,NA,NA,NA,NA,NA,NA,NA,1.13278008298755,7
"Connecticut",1982,422,23.4,14878,0,1,0,0,26.2,NA,NA,NA,NA,NA,NA,NA,1.11965811965812,7
"Connecticut",1983,421,22.8,15798,0,1,0,0,25,NA,NA,NA,NA,NA,NA,NA,1.09649122807018,7
"Connecticut",1984,420,20.5,17572,0,1,0,0,22.3,NA,NA,NA,NA,NA,NA,NA,1.08780487804878,7
"Connecticut",1985,419,21,18743,0,1,0,0,22.3,NA,NA,NA,NA,NA,NA,NA,1.06190476190476,7
"Connecticut",1986,418,19.4,20024,0,1,0,0,20.9,NA,NA,NA,NA,NA,NA,NA,1.07731958762887,7
"Connecticut",1987,417,18.7,21693,0,1,0,0,20.2,NA,NA,NA,NA,NA,NA,NA,1.08021390374332,7
"Connecticut",1988,416,19.6,23738,0,1,0,0,20.7,NA,NA,NA,NA,NA,NA,NA,1.05612244897959,7
"Connecticut",1989,415,18.6,25659,0,1,0,0,19.4,NA,NA,NA,NA,NA,NA,NA,1.04301075268817,7
"Connecticut",1990,414,17.8,26394,0,1,0,0,19.9,NA,NA,NA,NA,NA,NA,NA,1.11797752808989,7
"Connecticut",1991,413,19.1,26588,0,1,0,0,20.3,NA,NA,NA,NA,NA,NA,NA,1.06282722513089,7
"Connecticut",1992,412,18,28560,0,1,0,0,19.2,NA,NA,NA,NA,NA,NA,NA,1.06666666666667,7
"Connecticut",1993,411,18.9,29417,0,1,0,0,20.1,NA,NA,NA,NA,NA,NA,NA,1.06349206349206,7
"Connecticut",1994,410,20.2,30188,0,1,0,0,20.7,NA,NA,NA,NA,NA,NA,NA,1.02475247524752,7
"Connecticut",1995,409,20.3,31780,0,1,0,0,20.9,NA,NA,NA,NA,NA,NA,NA,1.02955665024631,7
"Connecticut",1996,408,16.6,33191,0,1,0,0,17.3,NA,NA,NA,NA,NA,NA,NA,1.0421686746988,7
"Connecticut",1997,407,17,35228,0,1,0,0,18,"0.0091",0.1814,0.0801,0.2207,0.2291,0.1219,0.1575,1.05882352941176,7
"Connecticut",1998,406,17.6,37827,0,1,0,0,18.3,"0.0053",0.2,0.0826,0.1283,0.2249,0.2698,0.0891,1.03977272727273,7
"Connecticut",1999,405,18.3,39700,0,1,0,0,19.3,NA,NA,NA,NA,NA,NA,NA,1.05464480874317,7
"Connecticut",2000,404,16.4,43070,0,1,0,0,17.5,NA,NA,NA,NA,NA,NA,NA,1.06707317073171,7
"Connecticut",2001,403,15.1,45153,0,1,0,0,15.8,NA,NA,NA,NA,NA,NA,NA,1.04635761589404,7
"Connecticut",2002,402,17,44697,0,1,0,0,17.9,NA,NA,NA,NA,NA,NA,NA,1.05294117647059,7
"Connecticut",2003,401,15.4,44997,0,1,0,0,16.4,NA,NA,NA,NA,NA,NA,NA,1.06493506493506,7
"Connecticut",2004,400,15.3,47238,0,1,0,0,16.7,NA,NA,NA,NA,NA,NA,NA,1.09150326797386,7
"Connecticut",2005,399,16,49738,0,1,0,0,17,NA,NA,NA,NA,NA,NA,NA,1.0625,7
"Connecticut",2006,398,15.6,53696,0,1,0,0,16.5,NA,NA,NA,NA,NA,NA,NA,1.05769230769231,7
"Connecticut",2007,397,15.7,57684,0,1,0,0,16.6,NA,NA,NA,NA,NA,NA,NA,1.05732484076433,7
"Connecticut",2008,396,17,60970,0,1,0,0,17.9,NA,NA,NA,NA,NA,NA,NA,1.05294117647059,7
"Connecticut",2009,395,17.3,59684,0,1,0,0,18.4,NA,NA,NA,NA,NA,NA,NA,1.0635838150289,7
"Connecticut",2010,394,16.7,61743,0,1,0,0,17.4,NA,NA,NA,NA,NA,NA,NA,1.04191616766467,7
"Connecticut",2011,393,16.8,63132,0,1,0,0,17.7,NA,NA,NA,NA,NA,NA,NA,1.05357142857143,7
"Connecticut",2012,392,14.1,64121,0,1,0,0,15.1,NA,NA,NA,NA,NA,NA,NA,1.0709219858156,7
"Connecticut",2013,391,13.5,62647,0,1,0,0,14.3,NA,NA,NA,NA,NA,NA,NA,1.05925925925926,7
"Connecticut",2014,390,14.8,65498,0,1,0,0,15.7,NA,NA,NA,NA,NA,NA,NA,1.06081081081081,7
"Delaware",1979,480,27,9547,0,1,0,0,29.7,NA,NA,NA,NA,NA,NA,NA,1.1,8
"Delaware",1980,479,22.6,10809,0,1,0,0,25.6,NA,NA,NA,NA,NA,NA,NA,1.13274336283186,8
"Delaware",1981,478,26.7,11903,0,1,0,0,30.4,NA,NA,NA,NA,NA,NA,NA,1.13857677902622,8
"Delaware",1982,477,23.5,12742,0,1,0,0,26.3,NA,NA,NA,NA,NA,NA,NA,1.11914893617021,8
"Delaware",1983,476,20.2,13431,0,1,0,0,22.3,NA,NA,NA,NA,NA,NA,NA,1.1039603960396,8
"Delaware",1984,475,17.9,14671,0,1,0,0,19.6,NA,NA,NA,NA,NA,NA,NA,1.09497206703911,8
"Delaware",1985,474,16.6,15743,0,1,0,0,18.5,NA,NA,NA,NA,NA,NA,NA,1.1144578313253,8
"Delaware",1986,473,16.9,16503,0,0,0,1,19.1,NA,NA,NA,NA,NA,NA,NA,1.1301775147929,8
"Delaware",1987,472,17,17575,0,0,0,1,18.1,NA,NA,NA,NA,NA,NA,NA,1.06470588235294,8
"Delaware",1988,471,15.8,18925,0,0,0,1,16.8,NA,NA,NA,NA,NA,NA,NA,1.06329113924051,8
"Delaware",1989,470,15.9,20707,0,0,0,1,17.4,NA,NA,NA,NA,NA,NA,NA,1.09433962264151,8
"Delaware",1990,469,15,21457,0,0,0,1,16.9,NA,NA,NA,NA,NA,NA,NA,1.12666666666667,8
"Delaware",1991,468,16.8,22247,0,0,0,1,18.7,NA,NA,NA,NA,NA,NA,NA,1.11309523809524,8
"Delaware",1992,467,16.6,22814,0,0,0,1,18.6,NA,NA,NA,NA,NA,NA,NA,1.12048192771084,8
"Delaware",1993,466,15.6,23312,0,0,0,1,17.3,NA,NA,NA,NA,NA,NA,NA,1.10897435897436,8
"Delaware",1994,465,13.5,23922,0,0,0,1,14.8,NA,NA,NA,NA,NA,NA,NA,1.0962962962963,8
"Delaware",1995,464,13.2,24902,0,0,0,1,14.8,NA,NA,NA,NA,NA,NA,NA,1.12121212121212,8
"Delaware",1996,463,12.5,26227,0,0,0,1,14.1,NA,NA,NA,NA,NA,NA,NA,1.128,8
"Delaware",1997,462,11.8,27069,0,0,0,1,13.4,"0.0099",0.2055,0.088,0.218,0.1968,0.1287,0.1532,1.13559322033898,8
"Delaware",1998,461,13.8,29472,0,0,0,1,14.9,"0.0061",0.2205,0.0923,0.1185,0.1735,0.3032,0.0858,1.07971014492754,8
"Delaware",1999,460,14,31181,0,0,0,1,15.8,NA,NA,NA,NA,NA,NA,NA,1.12857142857143,8
"Delaware",2000,459,13.4,33884,0,0,0,1,14.8,NA,NA,NA,NA,NA,NA,NA,1.1044776119403,8
"Delaware",2001,458,12.5,36922,0,0,0,1,13.7,NA,NA,NA,NA,NA,NA,NA,1.096,8
"Delaware",2002,457,11.2,37658,0,0,0,1,12.2,NA,NA,NA,NA,NA,NA,NA,1.08928571428571,8
"Delaware",2003,456,11.5,38065,0,0,0,1,12.5,NA,NA,NA,NA,NA,NA,NA,1.08695652173913,8
"Delaware",2004,455,12.4,38974,0,0,0,1,13.3,NA,NA,NA,NA,NA,NA,NA,1.07258064516129,8
"Delaware",2005,454,11.9,39370,0,0,0,1,13,NA,NA,NA,NA,NA,NA,NA,1.09243697478992,8
"Delaware",2006,453,10.8,41053,0,0,0,1,11.5,NA,NA,NA,NA,NA,NA,NA,1.06481481481481,8
"Delaware",2007,452,12,41733,0,0,0,1,12.8,NA,NA,NA,NA,NA,NA,NA,1.06666666666667,8
"Delaware",2008,451,13.5,40894,0,1,0,0,14.8,NA,NA,NA,NA,NA,NA,NA,1.0962962962963,8
"Delaware",2009,450,12,40856,0,1,0,0,12.9,NA,NA,NA,NA,NA,NA,NA,1.075,8
"Delaware",2010,449,11.5,40942,0,1,0,0,12.6,NA,NA,NA,NA,NA,NA,NA,1.09565217391304,8
"Delaware",2011,448,10.5,43962,0,1,0,0,11.3,NA,NA,NA,NA,NA,NA,NA,1.07619047619048,8
"Delaware",2012,447,10.6,44070,0,1,0,0,11.9,NA,NA,NA,NA,NA,NA,NA,1.12264150943396,8
"Delaware",2013,446,10.4,44404,0,1,0,0,11.2,NA,NA,NA,NA,NA,NA,NA,1.07692307692308,8
"Delaware",2014,445,9.9,46015,0,1,0,0,11.3,NA,NA,NA,NA,NA,NA,NA,1.14141414141414,8
"District of Columbia",1979,535,22.2,0,0,0,0,0,26.2,NA,NA,NA,NA,NA,NA,NA,1.18018018018018,0
"District of Columbia",1980,534,19.6,0,0,0,0,0,25.3,NA,NA,NA,NA,NA,NA,NA,1.29081632653061,0
"District of Columbia",1981,533,19.4,0,0,0,0,0,20,NA,NA,NA,NA,NA,NA,NA,1.03092783505155,0
"District of Columbia",1982,532,19.4,0,0,0,0,0,22.9,NA,NA,NA,NA,NA,NA,NA,1.18041237113402,0
"District of Columbia",1983,531,19.5,0,0,0,0,0,25.9,NA,NA,NA,NA,NA,NA,NA,1.32820512820513,0
"District of Columbia",1984,530,17.5,0,0,0,0,0,22.3,NA,NA,NA,NA,NA,NA,NA,1.27428571428571,0
"District of Columbia",1985,529,16.6,0,0,0,0,0,21.3,NA,NA,NA,NA,NA,NA,NA,1.28313253012048,0
"District of Columbia",1986,528,16.1,0,0,0,0,0,20.8,NA,NA,NA,NA,NA,NA,NA,1.29192546583851,0
"District of Columbia",1987,527,14.3,0,0,0,0,0,19.9,NA,NA,NA,NA,NA,NA,NA,1.39160839160839,0
"District of Columbia",1988,526,15,0,0,0,0,0,19.3,NA,NA,NA,NA,NA,NA,NA,1.28666666666667,0
"District of Columbia",1989,525,15,0,0,0,0,0,19,NA,NA,NA,NA,NA,NA,NA,1.26666666666667,0
"District of Columbia",1990,524,16.1,0,0,0,0,0,19.7,NA,NA,NA,NA,NA,NA,NA,1.22360248447205,0
"District of Columbia",1991,523,15,0,0,0,0,0,19,NA,NA,NA,NA,NA,NA,NA,1.26666666666667,0
"District of Columbia",1992,522,13.4,0,0,0,0,0,17.2,NA,NA,NA,NA,NA,NA,NA,1.28358208955224,0
"District of Columbia",1993,521,14,0,0,0,0,0,18.8,NA,NA,NA,NA,NA,NA,NA,1.34285714285714,0
"District of Columbia",1994,520,15.2,0,0,0,0,0,19.3,NA,NA,NA,NA,NA,NA,NA,1.26973684210526,0
"District of Columbia",1995,519,15.1,0,0,0,0,0,18,NA,NA,NA,NA,NA,NA,NA,1.19205298013245,0
"District of Columbia",1996,518,17.2,0,0,0,0,0,19.4,NA,NA,NA,NA,NA,NA,NA,1.12790697674419,0
"District of Columbia",1997,517,13.6,0,0,0,0,0,16.8,"0.0034",0.2061,0.1319,0.0784,0.3339,0.063,0.1834,1.23529411764706,0
"District of Columbia",1998,516,13.5,0,0,0,0,0,15.3,"0.0017",0.1401,0.1714,0.0351,0.3136,0.2436,0.0945,1.13333333333333,0
"District of Columbia",1999,515,13.1,0,0,0,0,0,15.4,NA,NA,NA,NA,NA,NA,NA,1.17557251908397,0
"District of Columbia",2000,514,14.7,0,0,0,0,0,16.5,NA,NA,NA,NA,NA,NA,NA,1.12244897959184,0
"District of Columbia",2001,513,16.8,0,0,0,0,0,20.9,NA,NA,NA,NA,NA,NA,NA,1.24404761904762,0
"District of Columbia",2002,512,14.1,0,0,0,0,0,18,NA,NA,NA,NA,NA,NA,NA,1.27659574468085,0
"District of Columbia",2003,511,14.6,0,0,0,0,0,17.2,NA,NA,NA,NA,NA,NA,NA,1.17808219178082,0
"District of Columbia",2004,510,12.7,0,0,0,0,0,14.5,NA,NA,NA,NA,NA,NA,NA,1.14173228346457,0
"District of Columbia",2005,509,11.3,0,0,0,0,0,12.8,NA,NA,NA,NA,NA,NA,NA,1.13274336283186,0
"District of Columbia",2006,508,10.3,0,0,0,0,0,12.2,NA,NA,NA,NA,NA,NA,NA,1.18446601941748,0
"District of Columbia",2007,507,10.3,0,0,0,0,0,13.6,NA,NA,NA,NA,NA,NA,NA,1.32038834951456,0
"District of Columbia",2008,506,12.2,0,0,0,0,0,14.3,NA,NA,NA,NA,NA,NA,NA,1.17213114754098,0
"District of Columbia",2009,505,10.4,0,0,0,0,0,12.5,NA,NA,NA,NA,NA,NA,NA,1.20192307692308,0
"District of Columbia",2010,504,9,0,0,0,0,0,10.5,NA,NA,NA,NA,NA,NA,NA,1.16666666666667,0
"District of Columbia",2011,503,8.4,0,0,0,0,0,9.9,NA,NA,NA,NA,NA,NA,NA,1.17857142857143,0
"District of Columbia",2012,502,8.6,0,0,0,0,0,10.3,NA,NA,NA,NA,NA,NA,NA,1.19767441860465,0
"District of Columbia",2013,501,9.3,0,0,0,0,0,10.9,NA,NA,NA,NA,NA,NA,NA,1.17204301075269,0
"District of Columbia",2014,500,8.6,0,0,0,0,0,10.7,NA,NA,NA,NA,NA,NA,NA,1.24418604651163,0
"Hawaii",1979,700,28,10571,0,1,0,0,32.1,NA,NA,NA,NA,NA,NA,NA,1.14642857142857,11
"Hawaii",1980,699,34.4,11867,0,1,0,0,36.8,NA,NA,NA,NA,NA,NA,NA,1.06976744186047,11
"Hawaii",1981,698,35.4,12711,0,1,0,0,36.2,NA,NA,NA,NA,NA,NA,NA,1.0225988700565,11
"Hawaii",1982,697,32.1,13249,0,1,0,0,34.2,NA,NA,NA,NA,NA,NA,NA,1.06542056074766,11
"Hawaii",1983,696,28.9,14262,0,1,0,0,32.1,NA,NA,NA,NA,NA,NA,NA,1.11072664359862,11
"Hawaii",1984,695,29.2,15052,0,1,0,0,32.3,NA,NA,NA,NA,NA,NA,NA,1.10616438356164,11
"Hawaii",1985,694,27.8,15824,0,1,0,0,30.8,NA,NA,NA,NA,NA,NA,NA,1.10791366906475,11
"Hawaii",1986,693,29.3,16599,0,1,0,0,31.9,NA,NA,NA,NA,NA,NA,NA,1.08873720136519,11
"Hawaii",1987,692,29.4,17435,0,1,0,0,32.3,NA,NA,NA,NA,NA,NA,NA,1.09863945578231,11
"Hawaii",1988,691,30.3,18964,0,1,0,0,32.9,NA,NA,NA,NA,NA,NA,NA,1.08580858085809,11
"Hawaii",1989,690,30.1,20897,0,1,0,0,31.3,NA,NA,NA,NA,NA,NA,NA,1.03986710963455,11
"Hawaii",1990,689,29.4,22433,0,1,0,0,31.9,NA,NA,NA,NA,NA,NA,NA,1.08503401360544,11
"Hawaii",1991,688,29.1,23253,0,1,0,0,31.4,NA,NA,NA,NA,NA,NA,NA,1.07903780068729,11
"Hawaii",1992,687,28.6,24542,0,1,0,0,31.9,NA,NA,NA,NA,NA,NA,NA,1.11538461538462,11
"Hawaii",1993,686,28.6,25133,0,1,0,0,31.8,NA,NA,NA,NA,NA,NA,NA,1.11188811188811,11
"Hawaii",1994,685,27.8,25400,0,1,0,0,29.7,NA,NA,NA,NA,NA,NA,NA,1.06834532374101,11
"Hawaii",1995,684,24.3,25788,0,1,0,0,25.8,NA,NA,NA,NA,NA,NA,NA,1.06172839506173,11
"Hawaii",1996,683,23.1,25665,0,1,0,0,24.4,NA,NA,NA,NA,NA,NA,NA,1.05627705627706,11
"Hawaii",1997,682,26.4,26334,0,1,0,0,28.4,"0.0177",0.1809,0.0576,0.1629,0.1972,0.1256,0.258,1.07575757575758,11
"Hawaii",1998,681,26.4,26756,0,1,0,0,27.7,"0.0101",0.1749,0.0609,0.1008,0.2085,0.296,0.1487,1.04924242424242,11
"Hawaii",1999,680,23.1,27768,0,1,0,0,25,NA,NA,NA,NA,NA,NA,NA,1.08225108225108,11
"Hawaii",2000,679,24.6,29319,0,1,0,0,25.7,NA,NA,NA,NA,NA,NA,NA,1.04471544715447,11
"Hawaii",2001,678,23.2,30229,0,1,0,0,25.1,NA,NA,NA,NA,NA,NA,NA,1.08189655172414,11
"Hawaii",2002,677,24.7,31257,0,1,0,0,25.5,NA,NA,NA,NA,NA,NA,NA,1.03238866396761,11
"Hawaii",2003,676,24,32467,0,1,0,0,25,NA,NA,NA,NA,NA,NA,NA,1.04166666666667,11
"Hawaii",2004,675,23.5,34277,0,1,0,0,24.6,NA,NA,NA,NA,NA,NA,NA,1.0468085106383,11
"Hawaii",2005,674,25.9,36375,0,1,0,0,26.8,NA,NA,NA,NA,NA,NA,NA,1.03474903474903,11
"Hawaii",2006,673,24.8,38480,0,1,0,0,26,NA,NA,NA,NA,NA,NA,NA,1.04838709677419,11
"Hawaii",2007,672,23.6,40490,0,1,0,0,24.4,NA,NA,NA,NA,NA,NA,NA,1.03389830508475,11
"Hawaii",2008,671,24.4,41969,0,1,0,0,25.6,NA,NA,NA,NA,NA,NA,NA,1.04918032786885,11
"Hawaii",2009,670,23.5,41082,0,1,0,0,24.3,NA,NA,NA,NA,NA,NA,NA,1.03404255319149,11
"Hawaii",2010,669,21.8,41574,0,1,0,0,23.6,NA,NA,NA,NA,NA,NA,NA,1.08256880733945,11
"Hawaii",2011,668,21.6,42809,0,1,0,0,22.7,NA,NA,NA,NA,NA,NA,NA,1.05092592592593,11
"Hawaii",2012,667,21.9,43812,0,1,0,0,23.4,NA,NA,NA,NA,NA,NA,NA,1.06849315068493,11
"Hawaii",2013,666,22.2,43931,0,1,0,0,23.6,NA,NA,NA,NA,NA,NA,NA,1.06306306306306,11
"Hawaii",2014,665,21.9,46044,0,1,0,0,23,NA,NA,NA,NA,NA,NA,NA,1.05022831050228,11
"Illinois",1979,810,29.2,10117,0,1,0,0,32.7,NA,NA,NA,NA,NA,NA,NA,1.11986301369863,13
"Illinois",1980,809,29.5,10950,0,0,0,1,31.6,NA,NA,NA,NA,NA,NA,NA,1.07118644067797,13
"Illinois",1981,808,25.6,12136,0,0,0,1,28.8,NA,NA,NA,NA,NA,NA,NA,1.125,13
"Illinois",1982,807,25,12869,0,1,0,0,28.2,NA,NA,NA,NA,NA,NA,NA,1.128,13
"Illinois",1983,806,24.4,13412,0,1,0,0,27.7,NA,NA,NA,NA,NA,NA,NA,1.13524590163934,13
"Illinois",1984,805,22.6,14784,0,1,0,0,25,NA,NA,NA,NA,NA,NA,NA,1.10619469026549,13
"Illinois",1985,804,22.4,15545,0,1,0,0,24.4,NA,NA,NA,NA,NA,NA,NA,1.08928571428571,13
"Illinois",1986,803,22.6,16370,0,1,0,0,24.7,NA,NA,NA,NA,NA,NA,NA,1.0929203539823,13
"Illinois",1987,802,22.5,17310,0,1,0,0,24.5,NA,NA,NA,NA,NA,NA,NA,1.08888888888889,13
"Illinois",1988,801,21.5,18669,0,1,0,0,23.3,NA,NA,NA,NA,NA,NA,NA,1.08372093023256,13
"Illinois",1989,800,21,19888,0,1,0,0,23,NA,NA,NA,NA,NA,NA,NA,1.0952380952381,13
"Illinois",1990,799,21,21025,0,1,0,0,22.9,NA,NA,NA,NA,NA,NA,NA,1.09047619047619,13
"Illinois",1991,798,21.1,21253,0,1,0,0,22.8,NA,NA,NA,NA,NA,NA,NA,1.08056872037915,13
"Illinois",1992,797,20.6,22724,0,0,0,1,22,NA,NA,NA,NA,NA,NA,NA,1.06796116504854,13
"Illinois",1993,796,21.2,23317,0,0,0,1,22.7,NA,NA,NA,NA,NA,NA,NA,1.07075471698113,13
"Illinois",1994,795,20,24349,0,0,0,1,21.5,NA,NA,NA,NA,NA,NA,NA,1.075,13
"Illinois",1995,794,20.3,25633,0,0,0,1,21.4,NA,NA,NA,NA,NA,NA,NA,1.05418719211823,13
"Illinois",1996,793,20.1,27066,0,0,0,1,21.7,NA,NA,NA,NA,NA,NA,NA,1.07960199004975,13
"Illinois",1997,792,18.7,28422,0,0,0,1,20.1,"#VALUE!",43.7132,17.8255,58.4935,47.2921,27.334,34.0212,1.07486631016043,13
"Illinois",1998,791,18.9,29930,0,0,0,1,20.1,"0.0065",0.2181,0.0754,0.1517,0.1922,0.2684,0.0877,1.06349206349206,13
"Illinois",1999,790,18.1,31068,0,0,0,1,19.2,NA,NA,NA,NA,NA,NA,NA,1.06077348066298,13
"Illinois",2000,789,18.7,33212,0,0,0,1,19.6,NA,NA,NA,NA,NA,NA,NA,1.04812834224599,13
"Illinois",2001,788,18.4,34299,0,0,0,1,19.5,NA,NA,NA,NA,NA,NA,NA,1.05978260869565,13
"Illinois",2002,787,19.8,34594,0,1,0,0,20.7,NA,NA,NA,NA,NA,NA,NA,1.04545454545455,13
"Illinois",2003,786,18,35212,0,1,0,0,18.7,NA,NA,NA,NA,NA,NA,NA,1.03888888888889,13
"Illinois",2004,785,16.8,36519,0,1,0,0,18,NA,NA,NA,NA,NA,NA,NA,1.07142857142857,13
"Illinois",2005,784,16.9,37975,0,1,0,0,17.6,NA,NA,NA,NA,NA,NA,NA,1.0414201183432,13
"Illinois",2006,783,16.5,40365,0,1,0,0,17.3,NA,NA,NA,NA,NA,NA,NA,1.04848484848485,13
"Illinois",2007,782,14.6,42513,0,1,0,0,15.3,NA,NA,NA,NA,NA,NA,NA,1.04794520547945,13
"Illinois",2008,781,16.6,43460,0,1,0,0,17.6,NA,NA,NA,NA,NA,NA,NA,1.06024096385542,13
"Illinois",2009,780,17.5,41180,0,1,0,0,18.4,NA,NA,NA,NA,NA,NA,NA,1.05142857142857,13
"Illinois",2010,779,15.6,42278,0,1,0,0,16.4,NA,NA,NA,NA,NA,NA,NA,1.05128205128205,13
"Illinois",2011,778,16.3,44194,0,1,0,0,17.3,NA,NA,NA,NA,NA,NA,NA,1.06134969325153,13
"Illinois",2012,777,14.7,46029,0,1,0,0,15.6,NA,NA,NA,NA,NA,NA,NA,1.06122448979592,13
"Illinois",2013,776,15.8,47047,0,1,0,0,16.4,NA,NA,NA,NA,NA,NA,NA,1.0379746835443,13
"Illinois",2014,775,15.2,49238,0,1,0,0,16.1,NA,NA,NA,NA,NA,NA,NA,1.05921052631579,13
"Kansas",1979,975,14.9,9251,0,0,1,0,19,NA,NA,NA,NA,NA,NA,NA,1.2751677852349,16
"Kansas",1980,974,13.7,10075,0,0,1,0,18.5,NA,NA,NA,NA,NA,NA,NA,1.35036496350365,16
"Kansas",1981,973,12.7,11342,0,0,1,0,15.6,NA,NA,NA,NA,NA,NA,NA,1.22834645669291,16
"Kansas",1982,972,13.4,12213,0,0,1,0,17.4,NA,NA,NA,NA,NA,NA,NA,1.29850746268657,16
"Kansas",1983,971,14,12643,0,0,1,0,19.1,NA,NA,NA,NA,NA,NA,NA,1.36428571428571,16
"Kansas",1984,970,11.9,13827,0,0,1,0,16.1,NA,NA,NA,NA,NA,NA,NA,1.35294117647059,16
"Kansas",1985,969,13,14524,0,0,1,0,15.8,NA,NA,NA,NA,NA,NA,NA,1.21538461538462,16
"Kansas",1986,968,12.6,15193,0,0,1,0,15.3,NA,NA,NA,NA,NA,NA,NA,1.21428571428571,16
"Kansas",1987,967,12.5,15805,0,0,1,0,15.6,NA,NA,NA,NA,NA,NA,NA,1.248,16
"Kansas",1988,966,12.4,16533,0,0,1,0,14.5,NA,NA,NA,NA,NA,NA,NA,1.16935483870968,16
"Kansas",1989,965,12.5,17433,0,0,1,0,14.8,NA,NA,NA,NA,NA,NA,NA,1.184,16
"Kansas",1990,964,11.5,18438,0,0,0,1,14.9,NA,NA,NA,NA,NA,NA,NA,1.29565217391304,16
"Kansas",1991,963,12.2,18934,0,0,0,1,15.5,NA,NA,NA,NA,NA,NA,NA,1.27049180327869,16
"Kansas",1992,962,11.6,20115,0,0,0,1,14.2,NA,NA,NA,NA,NA,NA,NA,1.22413793103448,16
"Kansas",1993,961,10,20853,0,0,0,1,12.7,NA,NA,NA,NA,NA,NA,NA,1.27,16
"Kansas",1994,960,10.1,21599,0,0,1,0,14.5,NA,NA,NA,NA,NA,NA,NA,1.43564356435644,16
"Kansas",1995,959,10.3,22349,0,0,1,0,12.9,NA,NA,NA,NA,NA,NA,NA,1.25242718446602,16
"Kansas",1996,958,9.8,23688,0,0,1,0,12.5,NA,NA,NA,NA,NA,NA,NA,1.27551020408163,16
"Kansas",1997,957,7.9,24958,0,0,1,0,10.4,"0.0092",0.1716,0.0762,0.2577,0.2036,0.1185,0.1633,1.31645569620253,16
"Kansas",1998,956,8,26221,0,0,1,0,9.8,"0.0052",0.209,0.0679,0.1571,0.1995,0.2666,0.0947,1.225,16
"Kansas",1999,955,9.9,26927,0,0,1,0,11.6,NA,NA,NA,NA,NA,NA,NA,1.17171717171717,16
"Kansas",2000,954,9.1,28253,0,0,1,0,11.3,NA,NA,NA,NA,NA,NA,NA,1.24175824175824,16
"Kansas",2001,953,9.3,29112,0,0,1,0,11.4,NA,NA,NA,NA,NA,NA,NA,1.2258064516129,16
"Kansas",2002,952,8.3,29248,0,0,1,0,10,NA,NA,NA,NA,NA,NA,NA,1.20481927710843,16
"Kansas",2003,951,8,30074,0,0,1,0,10.4,NA,NA,NA,NA,NA,NA,NA,1.3,16
"Kansas",2004,950,8.5,30843,0,0,1,0,10.9,NA,NA,NA,NA,NA,NA,NA,1.28235294117647,16
"Kansas",2005,949,7.1,32545,0,0,1,0,9.6,NA,NA,NA,NA,NA,NA,NA,1.35211267605634,16
"Kansas",2006,948,8.1,35690,0,0,1,0,9.4,NA,NA,NA,NA,NA,NA,NA,1.16049382716049,16
"Kansas",2007,947,7.1,38057,0,0,1,0,8.7,NA,NA,NA,NA,NA,NA,NA,1.22535211267606,16
"Kansas",2008,946,7.1,41257,0,0,1,0,8.8,NA,NA,NA,NA,NA,NA,NA,1.23943661971831,16
"Kansas",2009,945,6.2,39431,0,0,1,0,8.4,NA,NA,NA,NA,NA,NA,NA,1.35483870967742,16
"Kansas",2010,944,6.9,39960,0,0,1,0,9.2,NA,NA,NA,NA,NA,NA,NA,1.33333333333333,16
"Kansas",2011,943,7.7,43015,0,0,1,0,10.2,NA,NA,NA,NA,NA,NA,NA,1.32467532467532,16
"Kansas",2012,942,6.9,45294,0,0,1,0,8.5,NA,NA,NA,NA,NA,NA,NA,1.23188405797101,16
"Kansas",2013,941,7.6,46174,0,0,1,0,8.5,NA,NA,NA,NA,NA,NA,NA,1.11842105263158,16
"Kansas",2014,940,7.5,47013,0,0,1,0,9.1,NA,NA,NA,NA,NA,NA,NA,1.21333333333333,16
"Maine",1979,1140,16.5,7636,0,0,0,1,19.5,NA,NA,NA,NA,NA,NA,NA,1.18181818181818,19
"Maine",1980,1139,21.4,8567,0,0,0,1,23.7,NA,NA,NA,NA,NA,NA,NA,1.10747663551402,19
"Maine",1981,1138,20.1,9401,0,0,0,1,21.5,NA,NA,NA,NA,NA,NA,NA,1.06965174129353,19
"Maine",1982,1137,20.6,10188,0,1,0,0,22.8,NA,NA,NA,NA,NA,NA,NA,1.10679611650485,19
"Maine",1983,1136,21.1,10896,0,1,0,0,24.1,NA,NA,NA,NA,NA,NA,NA,1.14218009478673,19
"Maine",1984,1135,19.2,11930,0,1,0,0,23.4,NA,NA,NA,NA,NA,NA,NA,1.21875,19
"Maine",1985,1134,17.3,12807,0,1,0,0,20.1,NA,NA,NA,NA,NA,NA,NA,1.16184971098266,19
"Maine",1986,1133,17,13779,0,1,0,0,19.2,NA,NA,NA,NA,NA,NA,NA,1.12941176470588,19
"Maine",1987,1132,19.4,14766,0,1,0,0,21.4,NA,NA,NA,NA,NA,NA,NA,1.10309278350515,19
"Maine",1988,1131,16.8,16013,0,1,0,0,18.7,NA,NA,NA,NA,NA,NA,NA,1.11309523809524,19
"Maine",1989,1130,15.4,17223,0,1,0,0,17.4,NA,NA,NA,NA,NA,NA,NA,1.12987012987013,19
"Maine",1990,1129,17.7,17756,0,1,0,0,21.5,NA,NA,NA,NA,NA,NA,NA,1.21468926553672,19
"Maine",1991,1128,18.5,17986,0,1,0,0,21.2,NA,NA,NA,NA,NA,NA,NA,1.14594594594595,19
"Maine",1992,1127,15.1,18833,0,1,0,0,17.3,NA,NA,NA,NA,NA,NA,NA,1.14569536423841,19
"Maine",1993,1126,14.3,19395,0,1,0,0,16.2,NA,NA,NA,NA,NA,NA,NA,1.13286713286713,19
"Maine",1994,1125,15.7,20187,0,1,0,0,17.6,NA,NA,NA,NA,NA,NA,NA,1.12101910828025,19
"Maine",1995,1124,15.8,21053,0,1,0,0,18.1,NA,NA,NA,NA,NA,NA,NA,1.14556962025316,19
"Maine",1996,1123,14.7,22139,0,1,0,0,16.6,NA,NA,NA,NA,NA,NA,NA,1.12925170068027,19
"Maine",1997,1122,13.7,23247,0,1,0,0,15.2,"0.0156",0.1609,0.0706,0.2426,0.2112,0.1232,0.176,1.10948905109489,19
"Maine",1998,1121,12.7,24805,0,1,0,0,14.5,"0.0087",0.1985,0.0611,0.1449,0.2136,0.2673,0.106,1.14173228346457,19
"Maine",1999,1120,15.7,25779,0,1,0,0,17.4,NA,NA,NA,NA,NA,NA,NA,1.10828025477707,19
"Maine",2000,1119,14.3,27491,0,0,0,1,16.8,NA,NA,NA,NA,NA,NA,NA,1.17482517482517,19
"Maine",2001,1118,13,28824,0,0,0,1,14.7,NA,NA,NA,NA,NA,NA,NA,1.13076923076923,19
"Maine",2002,1117,13.1,29572,0,1,0,0,15.2,NA,NA,NA,NA,NA,NA,NA,1.16030534351145,19
"Maine",2003,1116,12.9,30805,0,1,0,0,14.5,NA,NA,NA,NA,NA,NA,NA,1.12403100775194,19
"Maine",2004,1115,11.3,32211,0,1,0,0,13.3,NA,NA,NA,NA,NA,NA,NA,1.17699115044248,19
"Maine",2005,1114,11.9,32925,0,1,0,0,13.7,NA,NA,NA,NA,NA,NA,NA,1.15126050420168,19
"Maine",2006,1113,12,34451,0,1,0,0,13.6,NA,NA,NA,NA,NA,NA,NA,1.13333333333333,19
"Maine",2007,1112,11.8,35686,0,1,0,0,14,NA,NA,NA,NA,NA,NA,NA,1.1864406779661,19
"Maine",2008,1111,12.5,37163,0,1,0,0,14.8,NA,NA,NA,NA,NA,NA,NA,1.184,19
"Maine",2009,1110,11.8,37157,0,1,0,0,13.8,NA,NA,NA,NA,NA,NA,NA,1.16949152542373,19
"Maine",2010,1109,11.7,38106,0,1,0,0,13.1,NA,NA,NA,NA,NA,NA,NA,1.11965811965812,19
"Maine",2011,1108,11.4,39690,0,1,0,0,13.6,NA,NA,NA,NA,NA,NA,NA,1.19298245614035,19
"Maine",2012,1107,11.6,40411,0,0,1,0,14.1,NA,NA,NA,NA,NA,NA,NA,1.21551724137931,19
"Maine",2013,1106,11.3,40329,0,0,1,0,13.3,NA,NA,NA,NA,NA,NA,NA,1.17699115044248,19
"Maine",2014,1105,11.1,41797,0,1,0,0,12.7,NA,NA,NA,NA,NA,NA,NA,1.14414414414414,19
"Maryland",1979,1195,24.5,10311,0,1,0,0,28.2,NA,NA,NA,NA,NA,NA,NA,1.15102040816327,20
"Maryland",1980,1194,22.6,11473,0,1,0,0,26.4,NA,NA,NA,NA,NA,NA,NA,1.16814159292035,20
"Maryland",1981,1193,26.1,12680,0,1,0,0,29.3,NA,NA,NA,NA,NA,NA,NA,1.12260536398467,20
"Maryland",1982,1192,22.4,13685,0,1,0,0,26,NA,NA,NA,NA,NA,NA,NA,1.16071428571429,20
"Maryland",1983,1191,18.7,14557,0,1,0,0,22.8,NA,NA,NA,NA,NA,NA,NA,1.2192513368984,20
"Maryland",1984,1190,18.4,15959,0,1,0,0,22.1,NA,NA,NA,NA,NA,NA,NA,1.20108695652174,20
"Maryland",1985,1189,16.8,17109,0,1,0,0,21,NA,NA,NA,NA,NA,NA,NA,1.25,20
"Maryland",1986,1188,16.3,18174,0,1,0,0,20.6,NA,NA,NA,NA,NA,NA,NA,1.2638036809816,20
"Maryland",1987,1187,15.8,19276,0,1,0,0,19.1,NA,NA,NA,NA,NA,NA,NA,1.20886075949367,20
"Maryland",1988,1186,15.7,20769,0,1,0,0,18.9,NA,NA,NA,NA,NA,NA,NA,1.20382165605096,20
"Maryland",1989,1185,16.3,22127,0,1,0,0,19,NA,NA,NA,NA,NA,NA,NA,1.16564417177914,20
"Maryland",1990,1184,14.7,23104,0,1,0,0,17.1,NA,NA,NA,NA,NA,NA,NA,1.16326530612245,20
"Maryland",1991,1183,14.3,23605,0,1,0,0,17,NA,NA,NA,NA,NA,NA,NA,1.18881118881119,20
"Maryland",1992,1182,15.7,24503,0,1,0,0,17.9,NA,NA,NA,NA,NA,NA,NA,1.14012738853503,20
"Maryland",1993,1181,15.7,25239,0,1,0,0,17.8,NA,NA,NA,NA,NA,NA,NA,1.13375796178344,20
"Maryland",1994,1180,16.1,26161,0,1,0,0,18.7,NA,NA,NA,NA,NA,NA,NA,1.16149068322981,20
"Maryland",1995,1179,15,27070,0,1,0,0,18,NA,NA,NA,NA,NA,NA,NA,1.2,20
"Maryland",1996,1178,14.9,28119,0,1,0,0,17.5,NA,NA,NA,NA,NA,NA,NA,1.1744966442953,20
"Maryland",1997,1177,15.1,29432,0,1,0,0,17.5,"0.0107",0.1807,0.08,0.1978,0.2485,0.1208,0.1617,1.15894039735099,20
"Maryland",1998,1176,14.2,31483,0,1,0,0,16.3,"0.0059",0.178,0.0912,0.1191,0.2316,0.2764,0.0978,1.14788732394366,20
"Maryland",1999,1175,15.1,33036,0,1,0,0,18,NA,NA,NA,NA,NA,NA,NA,1.19205298013245,20
"Maryland",2000,1174,14.7,35591,0,1,0,0,16.9,NA,NA,NA,NA,NA,NA,NA,1.14965986394558,20
"Maryland",2001,1173,13.8,37076,0,1,0,0,16.5,NA,NA,NA,NA,NA,NA,NA,1.19565217391304,20
"Maryland",2002,1172,14.7,38035,0,1,0,0,17,NA,NA,NA,NA,NA,NA,NA,1.15646258503401,20
"Maryland",2003,1171,14.3,39394,0,1,0,0,16.6,NA,NA,NA,NA,NA,NA,NA,1.16083916083916,20
"Maryland",2004,1170,10.9,41641,0,1,0,0,12.5,NA,NA,NA,NA,NA,NA,NA,1.14678899082569,20
"Maryland",2005,1169,13.4,43515,0,1,0,0,15.1,NA,NA,NA,NA,NA,NA,NA,1.12686567164179,20
"Maryland",2006,1168,13.2,45576,0,1,0,0,14.9,NA,NA,NA,NA,NA,NA,NA,1.12878787878788,20
"Maryland",2007,1167,12.9,47327,0,1,0,0,14.5,NA,NA,NA,NA,NA,NA,NA,1.12403100775194,20
"Maryland",2008,1166,12.7,49186,0,1,0,0,14.6,NA,NA,NA,NA,NA,NA,NA,1.1496062992126,20
"Maryland",2009,1165,12.7,48448,0,1,0,0,14.4,NA,NA,NA,NA,NA,NA,NA,1.13385826771654,20
"Maryland",2010,1164,11.6,49668,0,1,0,0,12.9,NA,NA,NA,NA,NA,NA,NA,1.11206896551724,20
"Maryland",2011,1163,12.5,51845,0,1,0,0,13.7,NA,NA,NA,NA,NA,NA,NA,1.096,20
"Maryland",2012,1162,10.6,52787,0,1,0,0,12.4,NA,NA,NA,NA,NA,NA,NA,1.16981132075472,20
"Maryland",2013,1161,11.6,52249,0,1,0,0,13.1,NA,NA,NA,NA,NA,NA,NA,1.12931034482759,20
"Maryland",2014,1160,11.9,53659,0,1,0,0,13.3,NA,NA,NA,NA,NA,NA,NA,1.11764705882353,20
"Massachusetts",1979,1250,24,9481,0,1,0,0,25.8,NA,NA,NA,NA,NA,NA,NA,1.075,21
"Massachusetts",1980,1249,23.3,10684,0,1,0,0,24.3,NA,NA,NA,NA,NA,NA,NA,1.04291845493562,21
"Massachusetts",1981,1248,26.6,11873,0,1,0,0,27.5,NA,NA,NA,NA,NA,NA,NA,1.03383458646617,21
"Massachusetts",1982,1247,25.2,13013,0,1,0,0,26.8,NA,NA,NA,NA,NA,NA,NA,1.06349206349206,21
"Massachusetts",1983,1246,23.8,14044,0,1,0,0,26.1,NA,NA,NA,NA,NA,NA,NA,1.09663865546218,21
"Massachusetts",1984,1245,21.4,15739,0,1,0,0,23.5,NA,NA,NA,NA,NA,NA,NA,1.0981308411215,21
"Massachusetts",1985,1244,18.5,16893,0,1,0,0,20.5,NA,NA,NA,NA,NA,NA,NA,1.10810810810811,21
"Massachusetts",1986,1243,17.6,18152,0,1,0,0,19.1,NA,NA,NA,NA,NA,NA,NA,1.08522727272727,21
"Massachusetts",1987,1242,17.8,19552,0,1,0,0,19,NA,NA,NA,NA,NA,NA,NA,1.06741573033708,21
"Massachusetts",1988,1241,18.6,21358,0,1,0,0,19.7,NA,NA,NA,NA,NA,NA,NA,1.05913978494624,21
"Massachusetts",1989,1240,17.6,22477,0,1,0,0,18.9,NA,NA,NA,NA,NA,NA,NA,1.07386363636364,21
"Massachusetts",1990,1239,17.7,23118,0,1,0,0,19,NA,NA,NA,NA,NA,NA,NA,1.07344632768362,21
"Massachusetts",1991,1238,17.6,23486,0,1,0,0,18.9,NA,NA,NA,NA,NA,NA,NA,1.07386363636364,21
"Massachusetts",1992,1237,17.1,24628,0,1,0,0,18.5,NA,NA,NA,NA,NA,NA,NA,1.08187134502924,21
"Massachusetts",1993,1236,17.3,25471,0,1,0,0,18.6,NA,NA,NA,NA,NA,NA,NA,1.07514450867052,21
"Massachusetts",1994,1235,16,26607,0,1,0,0,17.3,NA,NA,NA,NA,NA,NA,NA,1.08125,21
"Massachusetts",1995,1234,16.2,27964,0,1,0,0,17.8,NA,NA,NA,NA,NA,NA,NA,1.09876543209877,21
"Massachusetts",1996,1233,15.5,29545,0,1,0,0,17,NA,NA,NA,NA,NA,NA,NA,1.09677419354839,21
"Massachusetts",1997,1232,15.2,31180,0,1,0,0,16.7,"0.0088",0.1774,0.0884,0.1859,0.2562,0.1164,0.1668,1.09868421052632,21
"Massachusetts",1998,1231,16.1,32914,0,1,0,0,17.5,"0.0051",0.1865,0.0879,0.1136,0.2423,0.2663,0.0983,1.08695652173913,21
"Massachusetts",1999,1230,16.4,34967,0,1,0,0,17.3,NA,NA,NA,NA,NA,NA,NA,1.05487804878049,21
"Massachusetts",2000,1229,14.4,38594,0,1,0,0,15.8,NA,NA,NA,NA,NA,NA,NA,1.09722222222222,21
"Massachusetts",2001,1228,14.9,39872,0,1,0,0,16,NA,NA,NA,NA,NA,NA,NA,1.0738255033557,21
"Massachusetts",2002,1227,14.5,39540,0,1,0,0,15.7,NA,NA,NA,NA,NA,NA,NA,1.08275862068966,21
"Massachusetts",2003,1226,14.3,40267,0,1,0,0,15.6,NA,NA,NA,NA,NA,NA,NA,1.09090909090909,21
"Massachusetts",2004,1225,13.5,42407,0,1,0,0,14.8,NA,NA,NA,NA,NA,NA,NA,1.0962962962963,21
"Massachusetts",2005,1224,13.9,44371,0,1,0,0,14.9,NA,NA,NA,NA,NA,NA,NA,1.07194244604317,21
"Massachusetts",2006,1223,14.5,47750,0,1,0,0,15.4,NA,NA,NA,NA,NA,NA,NA,1.06206896551724,21
"Massachusetts",2007,1222,13.2,50085,0,1,0,0,14,NA,NA,NA,NA,NA,NA,NA,1.06060606060606,21
"Massachusetts",2008,1221,15.8,51810,0,1,0,0,16.9,NA,NA,NA,NA,NA,NA,NA,1.06962025316456,21
"Massachusetts",2009,1220,16.7,50772,0,1,0,0,18.1,NA,NA,NA,NA,NA,NA,NA,1.08383233532934,21
"Massachusetts",2010,1219,14.5,52894,0,1,0,0,15.6,NA,NA,NA,NA,NA,NA,NA,1.07586206896552,21
"Massachusetts",2011,1218,14.7,54812,0,1,0,0,15.5,NA,NA,NA,NA,NA,NA,NA,1.05442176870748,21
"Massachusetts",2012,1217,14.4,56669,0,1,0,0,16.3,NA,NA,NA,NA,NA,NA,NA,1.13194444444444,21
"Massachusetts",2013,1216,13.6,56628,0,1,0,0,14.6,NA,NA,NA,NA,NA,NA,NA,1.07352941176471,21
"Massachusetts",2014,1215,13.7,58924,0,1,0,0,14.7,NA,NA,NA,NA,NA,NA,NA,1.07299270072993,21
"Minnesota",1979,1360,27.8,9360,0,0,0,1,30.8,NA,NA,NA,NA,NA,NA,NA,1.10791366906475,23
"Minnesota",1980,1359,26.5,10282,0,0,0,1,28.3,NA,NA,NA,NA,NA,NA,NA,1.06792452830189,23
"Minnesota",1981,1358,20.2,11321,0,0,0,1,22,NA,NA,NA,NA,NA,NA,NA,1.08910891089109,23
"Minnesota",1982,1357,21.9,12070,0,1,0,0,24.2,NA,NA,NA,NA,NA,NA,NA,1.10502283105023,23
"Minnesota",1983,1356,23.6,12696,0,1,0,0,26.3,NA,NA,NA,NA,NA,NA,NA,1.11440677966102,23
"Minnesota",1984,1355,23.1,14351,0,0,0,1,25.8,NA,NA,NA,NA,NA,NA,NA,1.11688311688312,23
"Minnesota",1985,1354,23,15143,0,0,0,1,25.6,NA,NA,NA,NA,NA,NA,NA,1.11304347826087,23
"Minnesota",1986,1353,22,15937,0,0,0,1,23.8,NA,NA,NA,NA,NA,NA,NA,1.08181818181818,23
"Minnesota",1987,1352,23.7,16878,0,0,0,1,25.3,NA,NA,NA,NA,NA,NA,NA,1.06751054852321,23
"Minnesota",1988,1351,21.1,17556,0,1,0,0,23.1,NA,NA,NA,NA,NA,NA,NA,1.09478672985782,23
"Minnesota",1989,1350,20.4,18992,0,1,0,0,22,NA,NA,NA,NA,NA,NA,NA,1.07843137254902,23
"Minnesota",1990,1349,20.6,19935,0,1,0,0,22.4,NA,NA,NA,NA,NA,NA,NA,1.0873786407767,23
"Minnesota",1991,1348,21.9,20322,0,1,0,0,23.4,NA,NA,NA,NA,NA,NA,NA,1.06849315068493,23
"Minnesota",1992,1347,22.6,21581,0,1,0,0,23.7,NA,NA,NA,NA,NA,NA,NA,1.04867256637168,23
"Minnesota",1993,1346,21.6,21947,0,1,0,0,23.2,NA,NA,NA,NA,NA,NA,NA,1.07407407407407,23
"Minnesota",1994,1345,19.8,23242,0,1,0,0,21.2,NA,NA,NA,NA,NA,NA,NA,1.07070707070707,23
"Minnesota",1995,1344,20.6,24320,0,1,0,0,21.9,NA,NA,NA,NA,NA,NA,NA,1.0631067961165,23
"Minnesota",1996,1343,20.7,25932,0,1,0,0,21.7,NA,NA,NA,NA,NA,NA,NA,1.04830917874396,23
"Minnesota",1997,1342,20.1,27087,0,1,0,0,21.2,"0.0083",0.166,0.067,0.243,0.2204,0.1292,0.1659,1.0547263681592,23
"Minnesota",1998,1341,19.1,29162,0,0,0,1,20,"0.0051",0.2019,0.0687,0.146,0.2141,0.2678,0.0963,1.04712041884817,23
"Minnesota",1999,1340,19.5,30303,0,0,0,1,20.7,NA,NA,NA,NA,NA,NA,NA,1.06153846153846,23
"Minnesota",2000,1339,18.4,32448,0,0,0,1,19.1,NA,NA,NA,NA,NA,NA,NA,1.03804347826087,23
"Minnesota",2001,1338,18,33490,0,0,0,1,18.7,NA,NA,NA,NA,NA,NA,NA,1.03888888888889,23
"Minnesota",2002,1337,17.8,33955,0,0,0,1,18.5,NA,NA,NA,NA,NA,NA,NA,1.03932584269663,23
"Minnesota",2003,1336,17.1,35293,0,0,0,1,18.2,NA,NA,NA,NA,NA,NA,NA,1.06432748538012,23
"Minnesota",2004,1335,17.6,37211,0,0,0,1,18.4,NA,NA,NA,NA,NA,NA,NA,1.04545454545455,23
"Minnesota",2005,1334,15.8,38065,0,0,0,1,16.6,NA,NA,NA,NA,NA,NA,NA,1.05063291139241,23
"Minnesota",2006,1333,16,39667,0,1,0,0,16.9,NA,NA,NA,NA,NA,NA,NA,1.05625,23
"Minnesota",2007,1332,16.3,41655,0,1,0,0,17.1,NA,NA,NA,NA,NA,NA,NA,1.04907975460123,23
"Minnesota",2008,1331,16.2,43161,0,1,0,0,17.1,NA,NA,NA,NA,NA,NA,NA,1.05555555555556,23
"Minnesota",2009,1330,15.3,41079,0,1,0,0,15.9,NA,NA,NA,NA,NA,NA,NA,1.03921568627451,23
"Minnesota",2010,1329,15.9,42724,0,1,0,0,16.4,NA,NA,NA,NA,NA,NA,NA,1.0314465408805,23
"Minnesota",2011,1328,15.3,45323,0,1,0,0,16.1,NA,NA,NA,NA,NA,NA,NA,1.05228758169935,23
"Minnesota",2012,1327,14.4,47726,0,0,1,0,15.1,NA,NA,NA,NA,NA,NA,NA,1.04861111111111,23
"Minnesota",2013,1326,14.4,47838,0,0,1,0,15.2,NA,NA,NA,NA,NA,NA,NA,1.05555555555556,23
"Minnesota",2014,1325,14.3,49967,0,1,0,0,15.1,NA,NA,NA,NA,NA,NA,NA,1.05594405594406,23
"Missouri",1979,1470,23.1,8695,0,1,0,0,25.9,NA,NA,NA,NA,NA,NA,NA,1.12121212121212,25
"Missouri",1980,1469,24.6,9370,0,1,0,0,26.9,NA,NA,NA,NA,NA,NA,NA,1.09349593495935,25
"Missouri",1981,1468,20.5,10445,0,1,0,0,23.1,NA,NA,NA,NA,NA,NA,NA,1.12682926829268,25
"Missouri",1982,1467,20.8,11174,0,1,0,0,23.3,NA,NA,NA,NA,NA,NA,NA,1.12019230769231,25
"Missouri",1983,1466,21.1,11885,0,1,0,0,23.5,NA,NA,NA,NA,NA,NA,NA,1.11374407582938,25
"Missouri",1984,1465,20,13103,0,1,0,0,22.6,NA,NA,NA,NA,NA,NA,NA,1.13,25
"Missouri",1985,1464,18.9,13948,0,1,0,0,20.9,NA,NA,NA,NA,NA,NA,NA,1.10582010582011,25
"Missouri",1986,1463,19,14616,0,1,0,0,20.8,NA,NA,NA,NA,NA,NA,NA,1.09473684210526,25
"Missouri",1987,1462,17.9,15296,0,1,0,0,19.6,NA,NA,NA,NA,NA,NA,NA,1.09497206703911,25
"Missouri",1988,1461,16.9,16162,0,1,0,0,19,NA,NA,NA,NA,NA,NA,NA,1.12426035502959,25
"Missouri",1989,1460,15.7,17277,0,1,0,0,17.8,NA,NA,NA,NA,NA,NA,NA,1.13375796178344,25
"Missouri",1990,1459,13.9,17920,0,1,0,0,16,NA,NA,NA,NA,NA,NA,NA,1.15107913669065,25
"Missouri",1991,1458,14.3,18559,0,1,0,0,15.8,NA,NA,NA,NA,NA,NA,NA,1.1048951048951,25
"Missouri",1992,1457,13.9,19578,0,1,0,0,15.9,NA,NA,NA,NA,NA,NA,NA,1.14388489208633,25
"Missouri",1993,1456,14.4,20265,0,1,0,0,16.2,NA,NA,NA,NA,NA,NA,NA,1.125,25
"Missouri",1994,1455,14.9,21296,0,1,0,0,16.4,NA,NA,NA,NA,NA,NA,NA,1.1006711409396,25
"Missouri",1995,1454,14.7,22236,0,1,0,0,16.6,NA,NA,NA,NA,NA,NA,NA,1.12925170068027,25
"Missouri",1996,1453,15.4,23321,0,1,0,0,16.8,NA,NA,NA,NA,NA,NA,NA,1.09090909090909,25
"Missouri",1997,1452,14.7,24507,0,1,0,0,15.9,"0.0093",0.1707,0.0586,0.2662,0.1966,0.1276,0.1709,1.08163265306122,25
"Missouri",1998,1451,13.9,25540,0,1,0,0,15.3,"0.0052",0.21,0.0585,0.1583,0.193,0.2776,0.0974,1.10071942446043,25
"Missouri",1999,1450,14.5,26342,0,1,0,0,15.4,NA,NA,NA,NA,NA,NA,NA,1.06206896551724,25
"Missouri",2000,1449,13.3,27941,0,0,0,1,14.4,NA,NA,NA,NA,NA,NA,NA,1.08270676691729,25
"Missouri",2001,1448,13.6,28690,0,0,0,1,14.8,NA,NA,NA,NA,NA,NA,NA,1.08823529411765,25
"Missouri",2002,1447,13.3,29168,0,0,1,0,14.7,NA,NA,NA,NA,NA,NA,NA,1.10526315789474,25
"Missouri",2003,1446,13.3,30085,0,0,1,0,14.3,NA,NA,NA,NA,NA,NA,NA,1.07518796992481,25
"Missouri",2004,1445,12.4,31510,0,0,1,0,14,NA,NA,NA,NA,NA,NA,NA,1.12903225806452,25
"Missouri",2005,1444,11.5,32467,0,0,1,0,12.6,NA,NA,NA,NA,NA,NA,NA,1.09565217391304,25
"Missouri",2006,1443,10.9,34119,0,0,1,0,11.9,NA,NA,NA,NA,NA,NA,NA,1.09174311926605,25
"Missouri",2007,1442,10.7,35502,0,0,1,0,12,NA,NA,NA,NA,NA,NA,NA,1.1214953271028,25
"Missouri",2008,1441,11.3,37312,0,0,1,0,12.9,NA,NA,NA,NA,NA,NA,NA,1.14159292035398,25
"Missouri",2009,1440,9.5,36385,0,0,1,0,10.7,NA,NA,NA,NA,NA,NA,NA,1.12631578947368,25
"Missouri",2010,1439,10,37118,0,0,1,0,11.2,NA,NA,NA,NA,NA,NA,NA,1.12,25
"Missouri",2011,1438,10.9,38533,0,0,1,0,12.5,NA,NA,NA,NA,NA,NA,NA,1.14678899082569,25
"Missouri",2012,1437,9,40317,0,0,1,0,10.2,NA,NA,NA,NA,NA,NA,NA,1.13333333333333,25
"Missouri",2013,1436,8.7,40569,0,0,1,0,10.5,NA,NA,NA,NA,NA,NA,NA,1.20689655172414,25
"Missouri",2014,1435,8.4,41963,0,0,1,0,9.8,NA,NA,NA,NA,NA,NA,NA,1.16666666666667,25
"Montana",1979,1525,24.2,8298,0,1,0,0,28.6,NA,NA,NA,NA,NA,NA,NA,1.18181818181818,26
"Montana",1980,1524,27.4,9142,0,0,1,0,29.7,NA,NA,NA,NA,NA,NA,NA,1.08394160583942,26
"Montana",1981,1523,26.1,10303,0,0,1,0,28.4,NA,NA,NA,NA,NA,NA,NA,1.08812260536398,26
"Montana",1982,1522,22.5,10741,0,0,0,1,24.8,NA,NA,NA,NA,NA,NA,NA,1.10222222222222,26
"Montana",1983,1521,18.9,11151,0,0,0,1,21.2,NA,NA,NA,NA,NA,NA,NA,1.12169312169312,26
"Montana",1984,1520,18.6,11698,0,0,0,1,20.6,NA,NA,NA,NA,NA,NA,NA,1.10752688172043,26
"Montana",1985,1519,20.2,11843,0,0,0,1,23.6,NA,NA,NA,NA,NA,NA,NA,1.16831683168317,26
"Montana",1986,1518,18.6,12443,0,0,0,1,21.8,NA,NA,NA,NA,NA,NA,NA,1.17204301075269,26
"Montana",1987,1517,18.3,12916,0,0,0,1,21.1,NA,NA,NA,NA,NA,NA,NA,1.15300546448087,26
"Montana",1988,1516,18.4,13356,0,0,0,1,21.1,NA,NA,NA,NA,NA,NA,NA,1.14673913043478,26
"Montana",1989,1515,18.3,14726,0,0,0,1,20.9,NA,NA,NA,NA,NA,NA,NA,1.14207650273224,26
"Montana",1990,1514,18.7,15469,0,0,0,1,21.1,NA,NA,NA,NA,NA,NA,NA,1.1283422459893,26
"Montana",1991,1513,17.8,16298,0,0,0,1,21,NA,NA,NA,NA,NA,NA,NA,1.17977528089888,26
"Montana",1992,1512,19.4,16971,0,0,0,1,22.5,NA,NA,NA,NA,NA,NA,NA,1.15979381443299,26
"Montana",1993,1511,19.3,17950,0,0,0,1,22,NA,NA,NA,NA,NA,NA,NA,1.13989637305699,26
"Montana",1994,1510,19.2,18095,0,0,1,0,21.1,NA,NA,NA,NA,NA,NA,NA,1.09895833333333,26
"Montana",1995,1509,16.1,18728,0,0,1,0,18,NA,NA,NA,NA,NA,NA,NA,1.11801242236025,26
"Montana",1996,1508,16.2,19411,0,0,1,0,17.6,NA,NA,NA,NA,NA,NA,NA,1.08641975308642,26
"Montana",1997,1507,14.5,20159,0,0,1,0,16.3,"0.0159",0.1622,0.0485,0.2185,0.2137,0.1305,0.2108,1.12413793103448,26
"Montana",1998,1506,14.4,21461,0,0,1,0,15.8,"0.0090",0.1843,0.056,0.1282,0.2281,0.2727,0.1216,1.09722222222222,26
"Montana",1999,1505,15.9,21794,0,0,1,0,17.8,NA,NA,NA,NA,NA,NA,NA,1.11949685534591,26
"Montana",2000,1504,14.3,23081,0,0,1,0,16.1,NA,NA,NA,NA,NA,NA,NA,1.12587412587413,26
"Montana",2001,1503,13.5,23996,0,0,1,0,15.3,NA,NA,NA,NA,NA,NA,NA,1.13333333333333,26
"Montana",2002,1502,14.5,24554,0,0,1,0,15.9,NA,NA,NA,NA,NA,NA,NA,1.09655172413793,26
"Montana",2003,1501,14.5,26125,0,0,1,0,15.5,NA,NA,NA,NA,NA,NA,NA,1.06896551724138,26
"Montana",2004,1500,12.2,28131,0,0,0,1,13.1,NA,NA,NA,NA,NA,NA,NA,1.07377049180328,26
"Montana",2005,1499,11,30074,0,0,0,1,12.6,NA,NA,NA,NA,NA,NA,NA,1.14545454545455,26
"Montana",2006,1498,12.7,32193,0,0,0,1,13.7,NA,NA,NA,NA,NA,NA,NA,1.07874015748032,26
"Montana",2007,1497,13.7,34183,0,0,0,1,15.8,NA,NA,NA,NA,NA,NA,NA,1.15328467153285,26
"Montana",2008,1496,12.3,35792,0,0,0,1,15.8,NA,NA,NA,NA,NA,NA,NA,1.28455284552846,26
"Montana",2009,1495,14.4,34689,0,0,0,1,18.7,NA,NA,NA,NA,NA,NA,NA,1.29861111111111,26
"Montana",2010,1494,13.1,36393,0,0,0,1,14.7,NA,NA,NA,NA,NA,NA,NA,1.12213740458015,26
"Montana",2011,1493,13.2,38558,0,0,0,1,14.8,NA,NA,NA,NA,NA,NA,NA,1.12121212121212,26
"Montana",2012,1492,14.3,40701,0,0,1,0,17,NA,NA,NA,NA,NA,NA,NA,1.18881118881119,26
"Montana",2013,1491,13.3,40674,0,0,1,0,15.1,NA,NA,NA,NA,NA,NA,NA,1.13533834586466,26
"Montana",2014,1490,12.8,42494,0,0,1,0,13.9,NA,NA,NA,NA,NA,NA,NA,1.0859375,26
"New Hampshire",1979,1690,13.4,0,0,0,0,1,16.1,NA,NA,NA,NA,NA,NA,NA,1.20149253731343,29
"New Hampshire",1980,1689,16.2,0,0,0,1,0,18.1,NA,NA,NA,NA,NA,NA,NA,1.11728395061728,29
"New Hampshire",1981,1688,19.4,0,0,0,1,0,21.3,NA,NA,NA,NA,NA,NA,NA,1.0979381443299,29
"New Hampshire",1982,1687,15.5,0,0,0,1,0,17.9,NA,NA,NA,NA,NA,NA,NA,1.15483870967742,29
"New Hampshire",1983,1686,11.5,0,0,0,1,0,14.5,NA,NA,NA,NA,NA,NA,NA,1.26086956521739,29
"New Hampshire",1984,1685,10.4,0,0,0,1,0,12.5,NA,NA,NA,NA,NA,NA,NA,1.20192307692308,29
"New Hampshire",1985,1684,10.8,0,0,0,1,0,12.1,NA,NA,NA,NA,NA,NA,NA,1.12037037037037,29
"New Hampshire",1986,1683,11.1,0,0,0,1,0,13.6,NA,NA,NA,NA,NA,NA,NA,1.22522522522523,29
"New Hampshire",1987,1682,10,0,0,0,1,0,11.7,NA,NA,NA,NA,NA,NA,NA,1.17,29
"New Hampshire",1988,1681,10.3,0,0,0,1,0,12.2,NA,NA,NA,NA,NA,NA,NA,1.18446601941748,29
"New Hampshire",1989,1680,11.6,0,0,0,1,0,13.4,NA,NA,NA,NA,NA,NA,NA,1.1551724137931,29
"New Hampshire",1990,1679,11.6,0,0,0,1,0,13.1,NA,NA,NA,NA,NA,NA,NA,1.12931034482759,29
"New Hampshire",1991,1678,11.7,0,0,0,1,0,13.3,NA,NA,NA,NA,NA,NA,NA,1.13675213675214,29
"New Hampshire",1992,1677,9.8,0,0,0,1,0,12.4,NA,NA,NA,NA,NA,NA,NA,1.26530612244898,29
"New Hampshire",1993,1676,8.4,0,0,0,1,0,10.7,NA,NA,NA,NA,NA,NA,NA,1.27380952380952,29
"New Hampshire",1994,1675,10.8,0,0,0,1,0,13.1,NA,NA,NA,NA,NA,NA,NA,1.21296296296296,29
"New Hampshire",1995,1674,12.7,0,0,0,1,0,14.6,NA,NA,NA,NA,NA,NA,NA,1.1496062992126,29
"New Hampshire",1996,1673,11.3,0,0,0,1,0,12.7,NA,NA,NA,NA,NA,NA,NA,1.12389380530973,29
"New Hampshire",1997,1672,10.3,0,0,0,1,0,11.6,"0.0100",0.1645,0.0762,0.2358,0.2131,0.1371,0.1633,1.12621359223301,29
"New Hampshire",1998,1671,11.1,0,0,0,0,1,12.7,"0.0059",0.2027,0.0706,0.1409,0.2027,0.2833,0.0939,1.14414414414414,29
"New Hampshire",1999,1670,10.8,0,0,0,0,1,12.4,NA,NA,NA,NA,NA,NA,NA,1.14814814814815,29
"New Hampshire",2000,1669,10.5,0,0,0,1,0,11.7,NA,NA,NA,NA,NA,NA,NA,1.11428571428571,29
"New Hampshire",2001,1668,9.7,0,0,0,1,0,10.7,NA,NA,NA,NA,NA,NA,NA,1.10309278350515,29
"New Hampshire",2002,1667,9.9,0,0,0,1,0,11.3,NA,NA,NA,NA,NA,NA,NA,1.14141414141414,29
"New Hampshire",2003,1666,9.4,0,0,0,1,0,11.4,NA,NA,NA,NA,NA,NA,NA,1.21276595744681,29
"New Hampshire",2004,1665,9.9,0,0,0,1,0,11.1,NA,NA,NA,NA,NA,NA,NA,1.12121212121212,29
"New Hampshire",2005,1664,10.4,0,0,0,1,0,11.5,NA,NA,NA,NA,NA,NA,NA,1.10576923076923,29
"New Hampshire",2006,1663,10.2,0,0,1,0,0,11.3,NA,NA,NA,NA,NA,NA,NA,1.1078431372549,29
"New Hampshire",2007,1662,9.7,0,0,1,0,0,11.2,NA,NA,NA,NA,NA,NA,NA,1.15463917525773,29
"New Hampshire",2008,1661,10.6,0,0,1,0,0,12.4,NA,NA,NA,NA,NA,NA,NA,1.16981132075472,29
"New Hampshire",2009,1660,10.9,0,0,1,0,0,12.3,NA,NA,NA,NA,NA,NA,NA,1.12844036697248,29
"New Hampshire",2010,1659,10.2,0,0,1,0,0,11.7,NA,NA,NA,NA,NA,NA,NA,1.14705882352941,29
"New Hampshire",2011,1658,11.2,0,0,1,0,0,12.5,NA,NA,NA,NA,NA,NA,NA,1.11607142857143,29
"New Hampshire",2012,1657,10.5,0,0,0,1,0,12,NA,NA,NA,NA,NA,NA,NA,1.14285714285714,29
"New Hampshire",2013,1656,9.6,0,0,0,1,0,10.7,NA,NA,NA,NA,NA,NA,NA,1.11458333333333,29
"New Hampshire",2014,1655,10,0,0,0,0,1,11.5,NA,NA,NA,NA,NA,NA,NA,1.15,29
"New Jersey",1979,1745,28.9,0,0,1,0,0,31.8,NA,NA,NA,NA,NA,NA,NA,1.10034602076125,30
"New Jersey",1980,1744,30.8,0,0,1,0,0,33.7,NA,NA,NA,NA,NA,NA,NA,1.09415584415584,30
"New Jersey",1981,1743,25,0,0,1,0,0,27.2,NA,NA,NA,NA,NA,NA,NA,1.088,30
"New Jersey",1982,1742,26,0,0,1,0,0,28.7,NA,NA,NA,NA,NA,NA,NA,1.10384615384615,30
"New Jersey",1983,1741,27,0,0,1,0,0,30.2,NA,NA,NA,NA,NA,NA,NA,1.11851851851852,30
"New Jersey",1984,1740,25,0,0,0,0,1,27.8,NA,NA,NA,NA,NA,NA,NA,1.112,30
"New Jersey",1985,1739,25,0,0,0,0,1,28.5,NA,NA,NA,NA,NA,NA,NA,1.14,30
"New Jersey",1986,1738,23.4,0,0,0,0,1,26.1,NA,NA,NA,NA,NA,NA,NA,1.11538461538462,30
"New Jersey",1987,1737,24.2,0,0,0,0,1,26.5,NA,NA,NA,NA,NA,NA,NA,1.09504132231405,30
"New Jersey",1988,1736,24,0,0,1,0,0,26.2,NA,NA,NA,NA,NA,NA,NA,1.09166666666667,30
"New Jersey",1989,1735,23.3,0,0,1,0,0,25.1,NA,NA,NA,NA,NA,NA,NA,1.07725321888412,30
"New Jersey",1990,1734,24.3,0,0,1,0,0,26.5,NA,NA,NA,NA,NA,NA,NA,1.09053497942387,30
"New Jersey",1991,1733,24.4,0,0,1,0,0,26.2,NA,NA,NA,NA,NA,NA,NA,1.07377049180328,30
"New Jersey",1992,1732,23.1,0,0,0,1,0,24.8,NA,NA,NA,NA,NA,NA,NA,1.07359307359307,30
"New Jersey",1993,1731,22.3,0,0,0,1,0,24.1,NA,NA,NA,NA,NA,NA,NA,1.08071748878924,30
"New Jersey",1994,1730,23.2,0,0,0,1,0,25.3,NA,NA,NA,NA,NA,NA,NA,1.09051724137931,30
"New Jersey",1995,1729,22.1,0,0,0,1,0,24,NA,NA,NA,NA,NA,NA,NA,1.08597285067873,30
"New Jersey",1996,1728,22,0,0,0,1,0,23.8,NA,NA,NA,NA,NA,NA,NA,1.08181818181818,30
"New Jersey",1997,1727,22,0,0,0,1,0,23.8,"0.0079",0.2049,0.0585,0.2307,0.2166,0.1249,0.1564,1.08181818181818,30
"New Jersey",1998,1726,22.2,0,0,0,1,0,23.8,"0.0051",0.2118,0.0686,0.1327,0.2088,0.2806,0.0924,1.07207207207207,30
"New Jersey",1999,1725,20.7,0,0,0,1,0,22.5,NA,NA,NA,NA,NA,NA,NA,1.08695652173913,30
"New Jersey",2000,1724,20.9,0,0,0,1,0,21.9,NA,NA,NA,NA,NA,NA,NA,1.04784688995215,30
"New Jersey",2001,1723,19.6,0,0,0,1,0,20.9,NA,NA,NA,NA,NA,NA,NA,1.06632653061224,30
"New Jersey",2002,1722,19.9,0,0,0,0,1,21,NA,NA,NA,NA,NA,NA,NA,1.05527638190955,30
"New Jersey",2003,1721,19.6,0,0,0,0,1,21.2,NA,NA,NA,NA,NA,NA,NA,1.08163265306122,30
"New Jersey",2004,1720,19.8,0,0,1,0,0,21.6,NA,NA,NA,NA,NA,NA,NA,1.09090909090909,30
"New Jersey",2005,1719,20.5,0,0,1,0,0,21.7,NA,NA,NA,NA,NA,NA,NA,1.05853658536585,30
"New Jersey",2006,1718,20.2,0,0,1,0,0,21.6,NA,NA,NA,NA,NA,NA,NA,1.06930693069307,30
"New Jersey",2007,1717,19.2,0,0,1,0,0,20.6,NA,NA,NA,NA,NA,NA,NA,1.07291666666667,30
"New Jersey",2008,1716,18.4,0,0,1,0,0,19.1,NA,NA,NA,NA,NA,NA,NA,1.03804347826087,30
"New Jersey",2009,1715,19.3,0,0,1,0,0,19.9,NA,NA,NA,NA,NA,NA,NA,1.03108808290155,30
"New Jersey",2010,1714,17.1,0,0,1,0,0,17.7,NA,NA,NA,NA,NA,NA,NA,1.03508771929825,30
"New Jersey",2011,1713,16.2,0,0,1,0,0,16.8,NA,NA,NA,NA,NA,NA,NA,1.03703703703704,30
"New Jersey",2012,1712,16.1,0,0,1,0,0,16.8,NA,NA,NA,NA,NA,NA,NA,1.04347826086957,30
"New Jersey",2013,1711,16,0,0,1,0,0,16.6,NA,NA,NA,NA,NA,NA,NA,1.0375,30
"New Jersey",2014,1710,16.5,0,0,1,0,0,17.3,NA,NA,NA,NA,NA,NA,NA,1.04848484848485,30
"New Mexico",1979,1800,15.6,0,0,1,0,0,19.6,NA,NA,NA,NA,NA,NA,NA,1.25641025641026,31
"New Mexico",1980,1799,14.6,0,0,1,0,0,17,NA,NA,NA,NA,NA,NA,NA,1.16438356164384,31
"New Mexico",1981,1798,19,0,0,1,0,0,21.5,NA,NA,NA,NA,NA,NA,NA,1.13157894736842,31
"New Mexico",1982,1797,15.5,0,0,1,0,0,18.8,NA,NA,NA,NA,NA,NA,NA,1.21290322580645,31
"New Mexico",1983,1796,12,0,0,1,0,0,16.1,NA,NA,NA,NA,NA,NA,NA,1.34166666666667,31
"New Mexico",1984,1795,9.8,0,0,0,0,1,14,NA,NA,NA,NA,NA,NA,NA,1.42857142857143,31
"New Mexico",1985,1794,10.3,0,0,0,0,1,13,NA,NA,NA,NA,NA,NA,NA,1.2621359223301,31
"New Mexico",1986,1793,9.7,0,0,0,0,1,12.2,NA,NA,NA,NA,NA,NA,NA,1.25773195876289,31
"New Mexico",1987,1792,8.8,0,0,0,0,1,11.7,NA,NA,NA,NA,NA,NA,NA,1.32954545454545,31
"New Mexico",1988,1791,8.6,0,0,1,0,0,11.2,NA,NA,NA,NA,NA,NA,NA,1.30232558139535,31
"New Mexico",1989,1790,7.9,0,0,1,0,0,9.5,NA,NA,NA,NA,NA,NA,NA,1.20253164556962,31
"New Mexico",1990,1789,7.1,0,0,1,0,0,9.7,NA,NA,NA,NA,NA,NA,NA,1.36619718309859,31
"New Mexico",1991,1788,9,0,0,1,0,0,11.1,NA,NA,NA,NA,NA,NA,NA,1.23333333333333,31
"New Mexico",1992,1787,9,0,0,1,0,0,11,NA,NA,NA,NA,NA,NA,NA,1.22222222222222,31
"New Mexico",1993,1786,8.1,0,0,1,0,0,10.8,NA,NA,NA,NA,NA,NA,NA,1.33333333333333,31
"New Mexico",1994,1785,9.4,0,0,1,0,0,11.5,NA,NA,NA,NA,NA,NA,NA,1.22340425531915,31
"New Mexico",1995,1784,9.5,0,0,1,0,0,11.8,NA,NA,NA,NA,NA,NA,NA,1.24210526315789,31
"New Mexico",1996,1783,8.6,0,0,1,0,0,11.1,NA,NA,NA,NA,NA,NA,NA,1.2906976744186,31
"New Mexico",1997,1782,8.6,0,0,1,0,0,11.5,"0.0213",0.1643,0.0754,0.2166,0.2211,0.1162,0.1852,1.33720930232558,31
"New Mexico",1998,1781,9.7,0,0,1,0,0,12,"0.0134",0.1755,0.0712,0.1304,0.2278,0.2717,0.1101,1.23711340206186,31
"New Mexico",1999,1780,10.1,0,0,1,0,0,12.1,NA,NA,NA,NA,NA,NA,NA,1.1980198019802,31
"New Mexico",2000,1779,8.3,0,0,1,0,0,10.3,NA,NA,NA,NA,NA,NA,NA,1.24096385542169,31
"New Mexico",2001,1778,8.1,0,0,1,0,0,9.7,NA,NA,NA,NA,NA,NA,NA,1.19753086419753,31
"New Mexico",2002,1777,7,0,0,1,0,0,8.7,NA,NA,NA,NA,NA,NA,NA,1.24285714285714,31
"New Mexico",2003,1776,7.9,0,0,1,0,0,9.8,NA,NA,NA,NA,NA,NA,NA,1.24050632911392,31
"New Mexico",2004,1775,6.8,0,0,1,0,0,9,NA,NA,NA,NA,NA,NA,NA,1.32352941176471,31
"New Mexico",2005,1774,8.2,0,0,1,0,0,10.9,NA,NA,NA,NA,NA,NA,NA,1.32926829268293,31
"New Mexico",2006,1773,8,0,0,1,0,0,11.6,NA,NA,NA,NA,NA,NA,NA,1.45,31
"New Mexico",2007,1772,7.7,0,0,1,0,0,11.4,NA,NA,NA,NA,NA,NA,NA,1.48051948051948,31
"New Mexico",2008,1771,7.3,0,0,1,0,0,11.8,NA,NA,NA,NA,NA,NA,NA,1.61643835616438,31
"New Mexico",2009,1770,6.7,0,0,1,0,0,10.2,NA,NA,NA,NA,NA,NA,NA,1.52238805970149,31
"New Mexico",2010,1769,7.4,0,0,1,0,0,9.8,NA,NA,NA,NA,NA,NA,NA,1.32432432432432,31
"New Mexico",2011,1768,6.8,0,0,1,0,0,9,NA,NA,NA,NA,NA,NA,NA,1.32352941176471,31
"New Mexico",2012,1767,6.5,0,0,1,0,0,8.6,NA,NA,NA,NA,NA,NA,NA,1.32307692307692,31
"New Mexico",2013,1766,6.2,0,0,1,0,0,7.4,NA,NA,NA,NA,NA,NA,NA,1.19354838709677,31
"New Mexico",2014,1765,5.8,0,0,1,0,0,7.5,NA,NA,NA,NA,NA,NA,NA,1.29310344827586,31
"New York",1979,1855,35,0,0,0,0,1,38,NA,NA,NA,NA,NA,NA,NA,1.08571428571429,32
"New York",1980,1854,33.5,0,0,0,0,1,35.7,NA,NA,NA,NA,NA,NA,NA,1.06567164179104,32
"New York",1981,1853,29.4,0,0,0,0,1,31.7,NA,NA,NA,NA,NA,NA,NA,1.07823129251701,32
"New York",1982,1852,31.1,0,0,0,0,1,34,NA,NA,NA,NA,NA,NA,NA,1.09324758842444,32
"New York",1983,1851,32.8,0,0,0,0,1,36.3,NA,NA,NA,NA,NA,NA,NA,1.10670731707317,32
"New York",1984,1850,32.3,0,0,0,0,1,35.8,NA,NA,NA,NA,NA,NA,NA,1.10835913312693,32
"New York",1985,1849,30.3,0,0,0,0,1,33.2,NA,NA,NA,NA,NA,NA,NA,1.0957095709571,32
"New York",1986,1848,30,0,0,0,0,1,32.1,NA,NA,NA,NA,NA,NA,NA,1.07,32
"New York",1987,1847,29.6,0,0,0,0,1,31.6,NA,NA,NA,NA,NA,NA,NA,1.06756756756757,32
"New York",1988,1846,28.3,0,0,0,0,1,30.1,NA,NA,NA,NA,NA,NA,NA,1.06360424028269,32
"New York",1989,1845,28.1,0,0,0,0,1,30,NA,NA,NA,NA,NA,NA,NA,1.06761565836299,32
"New York",1990,1844,28.4,0,0,0,0,1,30.9,NA,NA,NA,NA,NA,NA,NA,1.08802816901408,32
"New York",1991,1843,29.4,0,0,0,0,1,31.7,NA,NA,NA,NA,NA,NA,NA,1.07823129251701,32
"New York",1992,1842,27.9,0,0,0,0,1,29.8,NA,NA,NA,NA,NA,NA,NA,1.06810035842294,32
"New York",1993,1841,29,0,0,0,0,1,30.9,NA,NA,NA,NA,NA,NA,NA,1.06551724137931,32
"New York",1994,1840,29,0,0,0,0,1,30.8,NA,NA,NA,NA,NA,NA,NA,1.06206896551724,32
"New York",1995,1839,27.9,0,0,0,0,1,29.4,NA,NA,NA,NA,NA,NA,NA,1.05376344086022,32
"New York",1996,1838,27,0,0,0,0,1,28.4,NA,NA,NA,NA,NA,NA,NA,1.05185185185185,32
"New York",1997,1837,26.5,0,0,0,0,1,27.9,"0.0080",0.2155,0.0318,0.2007,0.233,0.1155,0.1954,1.05283018867925,32
"New York",1998,1836,25.5,0,0,0,0,1,26.8,"0.0042",0.1971,0.0683,0.1152,0.2383,0.2709,0.1059,1.05098039215686,32
"New York",1999,1835,25.5,0,0,0,0,1,26.7,NA,NA,NA,NA,NA,NA,NA,1.04705882352941,32
"New York",2000,1834,25.7,0,0,0,0,1,26.7,NA,NA,NA,NA,NA,NA,NA,1.03891050583658,32
"New York",2001,1833,26.9,0,0,0,0,1,27.9,NA,NA,NA,NA,NA,NA,NA,1.03717472118959,32
"New York",2002,1832,25.8,0,0,0,0,1,26.9,NA,NA,NA,NA,NA,NA,NA,1.04263565891473,32
"New York",2003,1831,24.7,0,0,0,0,1,25.7,NA,NA,NA,NA,NA,NA,NA,1.04048582995951,32
"New York",2004,1830,25.3,0,0,0,0,1,26.4,NA,NA,NA,NA,NA,NA,NA,1.04347826086957,32
"New York",2005,1829,26.2,0,0,0,0,1,27.5,NA,NA,NA,NA,NA,NA,NA,1.04961832061069,32
"New York",2006,1828,24.5,0,0,0,0,1,25.4,NA,NA,NA,NA,NA,NA,NA,1.03673469387755,32
"New York",2007,1827,25.3,0,0,0,0,1,26.4,NA,NA,NA,NA,NA,NA,NA,1.04347826086957,32
"New York",2008,1826,24.9,0,0,1,0,0,26.6,NA,NA,NA,NA,NA,NA,NA,1.06827309236948,32
"New York",2009,1825,25.2,0,0,1,0,0,27.2,NA,NA,NA,NA,NA,NA,NA,1.07936507936508,32
"New York",2010,1824,24.3,0,0,1,0,0,26,NA,NA,NA,NA,NA,NA,NA,1.06995884773663,32
"New York",2011,1823,24.1,0,0,1,0,0,26.1,NA,NA,NA,NA,NA,NA,NA,1.08298755186722,32
"New York",2012,1822,23.2,0,0,0,0,1,24.9,NA,NA,NA,NA,NA,NA,NA,1.07327586206897,32
"New York",2013,1821,24.4,0,0,0,0,1,25.8,NA,NA,NA,NA,NA,NA,NA,1.05737704918033,32
"New York",2014,1820,24.6,0,0,0,0,0,25.9,NA,NA,NA,NA,NA,NA,NA,1.05284552845528,32
"Ohio",1979,2020,33,9088,0,1,0,0,35.8,NA,NA,NA,NA,NA,NA,NA,1.08484848484848,35
"Ohio",1980,2019,29.1,9924,0,0,0,1,31.5,NA,NA,NA,NA,NA,NA,NA,1.08247422680412,35
"Ohio",1981,2018,28.5,10813,0,0,0,1,30.4,NA,NA,NA,NA,NA,NA,NA,1.06666666666667,35
"Ohio",1982,2017,26.9,11349,0,1,0,0,29.3,NA,NA,NA,NA,NA,NA,NA,1.08921933085502,35
"Ohio",1983,2016,25.3,12026,0,1,0,0,28.1,NA,NA,NA,NA,NA,NA,NA,1.11067193675889,35
"Ohio",1984,2015,23.9,13286,0,0,0,1,26.3,NA,NA,NA,NA,NA,NA,NA,1.10041841004184,35
"Ohio",1985,2014,23.7,14106,0,0,0,1,25.9,NA,NA,NA,NA,NA,NA,NA,1.09282700421941,35
"Ohio",1986,2013,22.6,14771,0,0,0,1,24.9,NA,NA,NA,NA,NA,NA,NA,1.10176991150442,35
"Ohio",1987,2012,23,15436,0,0,0,1,25,NA,NA,NA,NA,NA,NA,NA,1.08695652173913,35
"Ohio",1988,2011,22.5,16508,0,0,0,1,24.5,NA,NA,NA,NA,NA,NA,NA,1.08888888888889,35
"Ohio",1989,2010,21.4,17703,0,0,0,1,23.1,NA,NA,NA,NA,NA,NA,NA,1.07943925233645,35
"Ohio",1990,2009,21.1,18683,0,0,0,1,23.5,NA,NA,NA,NA,NA,NA,NA,1.11374407582938,35
"Ohio",1991,2008,20.8,18973,0,0,0,1,22.5,NA,NA,NA,NA,NA,NA,NA,1.08173076923077,35
"Ohio",1992,2007,20.5,20056,0,0,0,1,22.5,NA,NA,NA,NA,NA,NA,NA,1.09756097560976,35
"Ohio",1993,2006,20.9,20752,0,0,0,1,22.6,NA,NA,NA,NA,NA,NA,NA,1.08133971291866,35
"Ohio",1994,2005,19.2,21816,0,0,1,0,20.9,NA,NA,NA,NA,NA,NA,NA,1.08854166666667,35
"Ohio",1995,2004,18.7,22771,0,0,1,0,20.6,NA,NA,NA,NA,NA,NA,NA,1.10160427807487,35
"Ohio",1996,2003,19.6,23762,0,0,1,0,20.9,NA,NA,NA,NA,NA,NA,NA,1.06632653061224,35
"Ohio",1997,2002,19,25078,0,0,1,0,20.5,"0.0094",0.1686,0.0673,0.2893,0.1865,0.1157,0.1632,1.07894736842105,35
"Ohio",1998,2001,19.1,26442,0,0,1,0,20.4,"0.0053",0.2242,0.0642,0.1727,0.1853,0.2569,0.0914,1.06806282722513,35
"Ohio",1999,2000,18.1,27200,0,0,1,0,19.3,NA,NA,NA,NA,NA,NA,NA,1.06629834254144,35
"Ohio",2000,1999,17.5,28598,0,0,1,0,19,NA,NA,NA,NA,NA,NA,NA,1.08571428571429,35
"Ohio",2001,1998,17.9,29323,0,0,1,0,19.2,NA,NA,NA,NA,NA,NA,NA,1.07262569832402,35
"Ohio",2002,1997,16.8,29693,0,0,1,0,18,NA,NA,NA,NA,NA,NA,NA,1.07142857142857,35
"Ohio",2003,1996,16.7,30509,0,0,1,0,18.1,NA,NA,NA,NA,NA,NA,NA,1.08383233532934,35
"Ohio",2004,1995,15.2,31660,0,0,1,0,16.5,NA,NA,NA,NA,NA,NA,NA,1.08552631578947,35
"Ohio",2005,1994,16,32607,0,0,1,0,17.3,NA,NA,NA,NA,NA,NA,NA,1.08125,35
"Ohio",2006,1993,14.2,34214,0,0,1,0,15.6,NA,NA,NA,NA,NA,NA,NA,1.09859154929577,35
"Ohio",2007,1992,14.2,35629,0,0,1,0,15.5,NA,NA,NA,NA,NA,NA,NA,1.09154929577465,35
"Ohio",2008,1991,14.2,36827,0,0,0,1,15.6,NA,NA,NA,NA,NA,NA,NA,1.09859154929577,35
"Ohio",2009,1990,14.2,35755,0,0,0,1,15.4,NA,NA,NA,NA,NA,NA,NA,1.08450704225352,35
"Ohio",2010,1989,13.7,36854,0,0,0,1,14.7,NA,NA,NA,NA,NA,NA,NA,1.07299270072993,35
"Ohio",2011,1988,13.5,39245,0,0,0,1,14.7,NA,NA,NA,NA,NA,NA,NA,1.08888888888889,35
"Ohio",2012,1987,12.7,40759,0,0,1,0,14,NA,NA,NA,NA,NA,NA,NA,1.10236220472441,35
"Ohio",2013,1986,12.8,41259,0,0,1,0,14.2,NA,NA,NA,NA,NA,NA,NA,1.109375,35
"Ohio",2014,1985,12.4,42829,0,0,1,0,13.9,NA,NA,NA,NA,NA,NA,NA,1.12096774193548,35
"Oklahoma",1979,2075,10.5,8557,0,1,0,0,14.1,NA,NA,NA,NA,NA,NA,NA,1.34285714285714,36
"Oklahoma",1980,2074,10.9,9629,0,1,0,0,13.3,NA,NA,NA,NA,NA,NA,NA,1.22018348623853,36
"Oklahoma",1981,2073,11.4,11047,0,1,0,0,13.8,NA,NA,NA,NA,NA,NA,NA,1.21052631578947,36
"Oklahoma",1982,2072,11.5,11907,0,1,0,0,14.4,NA,NA,NA,NA,NA,NA,NA,1.25217391304348,36
"Oklahoma",1983,2071,11.7,11876,0,1,0,0,14.9,NA,NA,NA,NA,NA,NA,NA,1.27350427350427,36
"Oklahoma",1984,2070,10.4,12761,0,1,0,0,12.5,NA,NA,NA,NA,NA,NA,NA,1.20192307692308,36
"Oklahoma",1985,2069,10.6,13330,0,1,0,0,12.5,NA,NA,NA,NA,NA,NA,NA,1.17924528301887,36
"Oklahoma",1986,2068,12,13491,0,1,0,0,13.8,NA,NA,NA,NA,NA,NA,NA,1.15,36
"Oklahoma",1987,2067,10.8,13630,0,1,0,0,11.6,NA,NA,NA,NA,NA,NA,NA,1.07407407407407,36
"Oklahoma",1988,2066,10.1,14405,0,1,0,0,11.3,NA,NA,NA,NA,NA,NA,NA,1.11881188118812,36
"Oklahoma",1989,2065,10.2,15402,0,1,0,0,12.3,NA,NA,NA,NA,NA,NA,NA,1.20588235294118,36
"Oklahoma",1990,2064,10.7,16235,0,1,0,0,13.1,NA,NA,NA,NA,NA,NA,NA,1.22429906542056,36
"Oklahoma",1991,2063,10.4,16589,0,1,0,0,11.7,NA,NA,NA,NA,NA,NA,NA,1.125,36
"Oklahoma",1992,2062,9.6,17399,0,1,0,0,10.9,NA,NA,NA,NA,NA,NA,NA,1.13541666666667,36
"Oklahoma",1993,2061,9.8,17910,0,1,0,0,10.9,NA,NA,NA,NA,NA,NA,NA,1.11224489795918,36
"Oklahoma",1994,2060,9,18537,0,1,0,0,11.1,NA,NA,NA,NA,NA,NA,NA,1.23333333333333,36
"Oklahoma",1995,2059,9.5,19173,0,1,0,0,10.9,NA,NA,NA,NA,NA,NA,NA,1.14736842105263,36
"Oklahoma",1996,2058,10.6,20126,0,1,0,0,12.6,NA,NA,NA,NA,NA,NA,NA,1.18867924528302,36
"Oklahoma",1997,2057,8.6,21072,0,1,0,0,10.4,"0.0086",0.1783,0.0684,0.2583,0.2049,0.1205,0.161,1.2093023255814,36
"Oklahoma",1998,2056,8.7,22006,0,1,0,0,9.9,"0.0060",0.211,0.0657,0.1529,0.1947,0.2785,0.0912,1.13793103448276,36
"Oklahoma",1999,2055,8.9,22412,0,1,0,0,10.1,NA,NA,NA,NA,NA,NA,NA,1.13483146067416,36
"Oklahoma",2000,2054,6.9,24178,0,1,0,0,7.9,NA,NA,NA,NA,NA,NA,NA,1.14492753623188,36
"Oklahoma",2001,2053,8.5,25608,0,1,0,0,9.4,NA,NA,NA,NA,NA,NA,NA,1.10588235294118,36
"Oklahoma",2002,2052,9.1,26023,1,1,0,0,10.7,NA,NA,NA,NA,NA,NA,NA,1.17582417582418,36
"Oklahoma",2003,2051,6.9,27198,1,1,0,0,8,NA,NA,NA,NA,NA,NA,NA,1.15942028985507,36
"Oklahoma",2004,2050,6.2,29264,1,0,0,1,7.2,NA,NA,NA,NA,NA,NA,NA,1.16129032258065,36
"Oklahoma",2005,2049,5.4,31856,1,0,0,1,6.4,NA,NA,NA,NA,NA,NA,NA,1.18518518518519,36
"Oklahoma",2006,2048,6.5,34854,1,0,0,1,7.8,NA,NA,NA,NA,NA,NA,NA,1.2,36
"Oklahoma",2007,2047,7.1,35711,1,0,0,1,8.6,NA,NA,NA,NA,NA,NA,NA,1.2112676056338,36
"Oklahoma",2008,2046,6.7,39325,1,0,1,0,8.4,NA,NA,NA,NA,NA,NA,NA,1.25373134328358,36
"Oklahoma",2009,2045,5.8,35917,1,0,1,0,7.4,NA,NA,NA,NA,NA,NA,NA,1.27586206896552,36
"Oklahoma",2010,2044,5.5,37276,1,0,1,0,7,NA,NA,NA,NA,NA,NA,NA,1.27272727272727,36
"Oklahoma",2011,2043,6.5,39800,1,0,1,0,7.8,NA,NA,NA,NA,NA,NA,NA,1.2,36
"Oklahoma",2012,2042,7.5,42232,1,0,1,0,9.2,NA,NA,NA,NA,NA,NA,NA,1.22666666666667,36
"Oklahoma",2013,2041,7.6,44017,1,0,1,0,9.6,NA,NA,NA,NA,NA,NA,NA,1.26315789473684,36
"Oklahoma",2014,2040,6,46614,1,0,1,0,7.2,NA,NA,NA,NA,NA,NA,NA,1.2,36
"Oregon",1979,2130,29.3,9461,0,1,0,0,33.1,NA,NA,NA,NA,NA,NA,NA,1.12969283276451,37
"Oregon",1980,2129,22.9,10234,0,1,0,0,27.7,NA,NA,NA,NA,NA,NA,NA,1.20960698689956,37
"Oregon",1981,2128,18.3,10933,0,1,0,0,23,NA,NA,NA,NA,NA,NA,NA,1.2568306010929,37
"Oregon",1982,2127,20.6,11260,0,1,0,0,25,NA,NA,NA,NA,NA,NA,NA,1.21359223300971,37
"Oregon",1983,2126,23,12026,0,1,0,0,27.1,NA,NA,NA,NA,NA,NA,NA,1.17826086956522,37
"Oregon",1984,2125,25.1,12970,0,1,0,0,28.6,NA,NA,NA,NA,NA,NA,NA,1.1394422310757,37
"Oregon",1985,2124,23.2,13590,0,1,0,0,26.1,NA,NA,NA,NA,NA,NA,NA,1.125,37
"Oregon",1986,2123,20.2,14243,0,1,0,0,23.3,NA,NA,NA,NA,NA,NA,NA,1.15346534653465,37
"Oregon",1987,2122,20,14881,0,1,0,0,23.9,NA,NA,NA,NA,NA,NA,NA,1.195,37
"Oregon",1988,2121,21,15969,0,1,0,0,24.3,NA,NA,NA,NA,NA,NA,NA,1.15714285714286,37
"Oregon",1989,2120,21.8,17235,0,1,0,0,24.8,NA,NA,NA,NA,NA,NA,NA,1.13761467889908,37
"Oregon",1990,2119,21,18159,0,1,0,0,24.2,NA,NA,NA,NA,NA,NA,NA,1.15238095238095,37
"Oregon",1991,2118,19.5,18670,0,1,0,0,22.5,NA,NA,NA,NA,NA,NA,NA,1.15384615384615,37
"Oregon",1992,2117,19,19546,0,0,0,1,21.1,NA,NA,NA,NA,NA,NA,NA,1.11052631578947,37
"Oregon",1993,2116,20.4,20452,0,0,0,1,21.9,NA,NA,NA,NA,NA,NA,NA,1.07352941176471,37
"Oregon",1994,2115,22,21475,0,0,1,0,23.6,NA,NA,NA,NA,NA,NA,NA,1.07272727272727,37
"Oregon",1995,2114,20.5,22663,0,0,1,0,22.2,NA,NA,NA,NA,NA,NA,NA,1.08292682926829,37
"Oregon",1996,2113,18.4,23974,0,0,1,0,19.9,NA,NA,NA,NA,NA,NA,NA,1.08152173913043,37
"Oregon",1997,2112,18.1,25015,0,0,1,0,20.3,"0.0181",0.1735,0.0585,0.2706,0.1912,0.1217,0.1664,1.12154696132597,37
"Oregon",1998,2111,16.6,26023,0,0,1,0,17.8,"0.0104",0.2088,0.0613,0.1586,0.2086,0.2572,0.0951,1.07228915662651,37
"Oregon",1999,2110,15.5,26617,0,0,1,0,16.8,NA,NA,NA,NA,NA,NA,NA,1.08387096774194,37
"Oregon",2000,2109,16.5,28386,0,0,1,0,17.7,NA,NA,NA,NA,NA,NA,NA,1.07272727272727,37
"Oregon",2001,2108,15.8,28829,0,0,1,0,17.1,NA,NA,NA,NA,NA,NA,NA,1.08227848101266,37
"Oregon",2002,2107,16.1,28749,0,0,0,1,17,NA,NA,NA,NA,NA,NA,NA,1.05590062111801,37
"Oregon",2003,2106,16,29526,0,0,0,1,16.6,NA,NA,NA,NA,NA,NA,NA,1.0375,37
"Oregon",2004,2105,15.5,30996,0,0,0,1,16.9,NA,NA,NA,NA,NA,NA,NA,1.09032258064516,37
"Oregon",2005,2104,14.7,32296,0,0,0,1,15.9,NA,NA,NA,NA,NA,NA,NA,1.08163265306122,37
"Oregon",2006,2103,14.1,34716,0,1,0,0,15,NA,NA,NA,NA,NA,NA,NA,1.06382978723404,37
"Oregon",2007,2102,14.8,35879,0,1,0,0,15.7,NA,NA,NA,NA,NA,NA,NA,1.06081081081081,37
"Oregon",2008,2101,17,36992,0,1,0,0,17.8,NA,NA,NA,NA,NA,NA,NA,1.04705882352941,37
"Oregon",2009,2100,17.4,35313,0,1,0,0,18.9,NA,NA,NA,NA,NA,NA,NA,1.08620689655172,37
"Oregon",2010,2099,16.5,36036,0,1,0,0,18.1,NA,NA,NA,NA,NA,NA,NA,1.0969696969697,37
"Oregon",2011,2098,17.5,37596,0,1,0,0,18.5,NA,NA,NA,NA,NA,NA,NA,1.05714285714286,37
"Oregon",2012,2097,16.1,39371,0,0,0,1,16.8,NA,NA,NA,NA,NA,NA,NA,1.04347826086957,37
"Oregon",2013,2096,14.1,39788,0,0,0,1,15.1,NA,NA,NA,NA,NA,NA,NA,1.0709219858156,37
"Oregon",2014,2095,15.9,42134,0,1,0,0,17.3,NA,NA,NA,NA,NA,NA,NA,1.08805031446541,37
"Pennsylvania",1979,2185,33.1,9155,0,0,0,1,36,NA,NA,NA,NA,NA,NA,NA,1.08761329305136,38
"Pennsylvania",1980,2184,32.2,10034,0,0,1,0,34.7,NA,NA,NA,NA,NA,NA,NA,1.0776397515528,38
"Pennsylvania",1981,2183,33.3,11088,0,0,1,0,35.9,NA,NA,NA,NA,NA,NA,NA,1.07807807807808,38
"Pennsylvania",1982,2182,30.5,11859,0,0,0,1,33.6,NA,NA,NA,NA,NA,NA,NA,1.1016393442623,38
"Pennsylvania",1983,2181,27.7,12433,0,0,0,1,31.3,NA,NA,NA,NA,NA,NA,NA,1.12996389891697,38
"Pennsylvania",1984,2180,25,13455,0,0,0,1,27.6,NA,NA,NA,NA,NA,NA,NA,1.104,38
"Pennsylvania",1985,2179,23,14308,0,0,0,1,25.6,NA,NA,NA,NA,NA,NA,NA,1.11304347826087,38
"Pennsylvania",1986,2178,22.1,15031,0,0,0,1,24.6,NA,NA,NA,NA,NA,NA,NA,1.1131221719457,38
"Pennsylvania",1987,2177,22.1,15885,0,0,0,1,24.4,NA,NA,NA,NA,NA,NA,NA,1.10407239819005,38
"Pennsylvania",1988,2176,21.2,17150,0,0,0,1,23.4,NA,NA,NA,NA,NA,NA,NA,1.10377358490566,38
"Pennsylvania",1989,2175,21.1,18543,0,0,0,1,23.5,NA,NA,NA,NA,NA,NA,NA,1.11374407582938,38
"Pennsylvania",1990,2174,20.5,19566,0,0,0,1,22.8,NA,NA,NA,NA,NA,NA,NA,1.11219512195122,38
"Pennsylvania",1991,2173,20.3,20244,0,0,0,1,22.2,NA,NA,NA,NA,NA,NA,NA,1.0935960591133,38
"Pennsylvania",1992,2172,19.7,21250,0,0,0,1,21.7,NA,NA,NA,NA,NA,NA,NA,1.10152284263959,38
"Pennsylvania",1993,2171,19.1,21930,0,0,0,1,21.1,NA,NA,NA,NA,NA,NA,NA,1.10471204188482,38
"Pennsylvania",1994,2170,19.8,22616,0,0,1,0,21.3,NA,NA,NA,NA,NA,NA,NA,1.07575757575758,38
"Pennsylvania",1995,2169,19.1,23583,0,0,1,0,20.9,NA,NA,NA,NA,NA,NA,NA,1.09424083769633,38
"Pennsylvania",1996,2168,17.8,24743,0,0,1,0,19.7,NA,NA,NA,NA,NA,NA,NA,1.10674157303371,38
"Pennsylvania",1997,2167,17.2,25967,0,0,1,0,18.3,"0.0095",0.1763,0.0676,0.2612,0.2102,0.1168,0.1584,1.06395348837209,38
"Pennsylvania",1998,2166,16.5,27336,0,0,1,0,17.9,"0.0055",0.212,0.0663,0.1527,0.2026,0.2686,0.0922,1.08484848484848,38
"Pennsylvania",1999,2165,17.4,28489,0,0,1,0,18.7,NA,NA,NA,NA,NA,NA,NA,1.07471264367816,38
"Pennsylvania",2000,2164,17,30443,0,0,1,0,18,NA,NA,NA,NA,NA,NA,NA,1.05882352941176,38
"Pennsylvania",2001,2163,17.2,31634,0,0,1,0,18.5,NA,NA,NA,NA,NA,NA,NA,1.07558139534884,38
"Pennsylvania",2002,2162,15.8,32133,0,0,1,0,16.8,NA,NA,NA,NA,NA,NA,NA,1.06329113924051,38
"Pennsylvania",2003,2161,15.1,33170,0,0,1,0,16.1,NA,NA,NA,NA,NA,NA,NA,1.06622516556291,38
"Pennsylvania",2004,2160,15.1,34984,0,0,1,0,16,NA,NA,NA,NA,NA,NA,NA,1.05960264900662,38
"Pennsylvania",2005,2159,13.9,36410,0,0,1,0,15.1,NA,NA,NA,NA,NA,NA,NA,1.0863309352518,38
"Pennsylvania",2006,2158,13.7,38109,0,0,1,0,14.8,NA,NA,NA,NA,NA,NA,NA,1.08029197080292,38
"Pennsylvania",2007,2157,15.2,40337,0,0,1,0,16.7,NA,NA,NA,NA,NA,NA,NA,1.09868421052632,38
"Pennsylvania",2008,2156,15.5,41728,0,0,0,1,16.5,NA,NA,NA,NA,NA,NA,NA,1.06451612903226,38
"Pennsylvania",2009,2155,15.1,40530,0,0,0,1,16.3,NA,NA,NA,NA,NA,NA,NA,1.0794701986755,38
"Pennsylvania",2010,2154,14.8,42251,0,0,0,1,16,NA,NA,NA,NA,NA,NA,NA,1.08108108108108,38
"Pennsylvania",2011,2153,14.7,44211,0,0,0,1,15.9,NA,NA,NA,NA,NA,NA,NA,1.08163265306122,38
"Pennsylvania",2012,2152,13.6,45855,0,0,1,0,14.6,NA,NA,NA,NA,NA,NA,NA,1.07352941176471,38
"Pennsylvania",2013,2151,12.8,46213,0,0,1,0,13.8,NA,NA,NA,NA,NA,NA,NA,1.078125,38
"Pennsylvania",2014,2150,12.7,48063,0,0,1,0,13.7,NA,NA,NA,NA,NA,NA,NA,1.07874015748032,38
"Rhode Island",1979,2240,22.8,0,0,1,0,0,24.4,NA,NA,NA,NA,NA,NA,NA,1.07017543859649,39
"Rhode Island",1980,2239,24.2,0,0,1,0,0,26.3,NA,NA,NA,NA,NA,NA,NA,1.08677685950413,39
"Rhode Island",1981,2238,24.7,0,0,1,0,0,25.5,NA,NA,NA,NA,NA,NA,NA,1.03238866396761,39
"Rhode Island",1982,2237,23.2,0,0,1,0,0,24.6,NA,NA,NA,NA,NA,NA,NA,1.06034482758621,39
"Rhode Island",1983,2236,21.6,0,0,1,0,0,23.6,NA,NA,NA,NA,NA,NA,NA,1.09259259259259,39
"Rhode Island",1984,2235,22.5,0,0,1,0,0,24.5,NA,NA,NA,NA,NA,NA,NA,1.08888888888889,39
"Rhode Island",1985,2234,21.2,0,0,1,0,0,22.9,NA,NA,NA,NA,NA,NA,NA,1.08018867924528,39
"Rhode Island",1986,2233,20.8,0,0,1,0,0,22,NA,NA,NA,NA,NA,NA,NA,1.05769230769231,39
"Rhode Island",1987,2232,21.3,0,0,1,0,0,22,NA,NA,NA,NA,NA,NA,NA,1.03286384976526,39
"Rhode Island",1988,2231,19.9,0,0,1,0,0,20.6,NA,NA,NA,NA,NA,NA,NA,1.03517587939698,39
"Rhode Island",1989,2230,18.8,0,0,1,0,0,19.5,NA,NA,NA,NA,NA,NA,NA,1.03723404255319,39
"Rhode Island",1990,2229,18.3,0,0,1,0,0,19.7,NA,NA,NA,NA,NA,NA,NA,1.07650273224044,39
"Rhode Island",1991,2228,20.8,0,0,1,0,0,22.1,NA,NA,NA,NA,NA,NA,NA,1.0625,39
"Rhode Island",1992,2227,19.8,0,0,1,0,0,21.6,NA,NA,NA,NA,NA,NA,NA,1.09090909090909,39
"Rhode Island",1993,2226,18.2,0,0,1,0,0,18.9,NA,NA,NA,NA,NA,NA,NA,1.03846153846154,39
"Rhode Island",1994,2225,16.4,0,0,1,0,0,17.7,NA,NA,NA,NA,NA,NA,NA,1.07926829268293,39
"Rhode Island",1995,2224,19.5,0,0,1,0,0,20.9,NA,NA,NA,NA,NA,NA,NA,1.07179487179487,39
"Rhode Island",1996,2223,19.2,0,0,1,0,0,20.3,NA,NA,NA,NA,NA,NA,NA,1.05729166666667,39
"Rhode Island",1997,2222,18.8,0,0,1,0,0,19.7,"0.0094",0.1675,0.0661,0.2407,0.2138,0.1181,0.1844,1.04787234042553,39
"Rhode Island",1998,2221,19.1,0,0,1,0,0,19.6,"0.0055",0.2088,0.0566,0.1411,0.2223,0.2636,0.102,1.0261780104712,39
"Rhode Island",1999,2220,17.9,0,0,1,0,0,19,NA,NA,NA,NA,NA,NA,NA,1.06145251396648,39
"Rhode Island",2000,2219,18.3,0,0,1,0,0,18.9,NA,NA,NA,NA,NA,NA,NA,1.0327868852459,39
"Rhode Island",2001,2218,17,0,0,1,0,0,17.5,NA,NA,NA,NA,NA,NA,NA,1.02941176470588,39
"Rhode Island",2002,2217,17.5,0,0,1,0,0,18.1,NA,NA,NA,NA,NA,NA,NA,1.03428571428571,39
"Rhode Island",2003,2216,17.1,0,0,1,0,0,17.6,NA,NA,NA,NA,NA,NA,NA,1.02923976608187,39
"Rhode Island",2004,2215,16.4,0,0,1,0,0,17,NA,NA,NA,NA,NA,NA,NA,1.03658536585366,39
"Rhode Island",2005,2214,16,0,0,1,0,0,16.9,NA,NA,NA,NA,NA,NA,NA,1.05625,39
"Rhode Island",2006,2213,15.4,0,0,1,0,0,16,NA,NA,NA,NA,NA,NA,NA,1.03896103896104,39
"Rhode Island",2007,2212,15,0,0,1,0,0,15.8,NA,NA,NA,NA,NA,NA,NA,1.05333333333333,39
"Rhode Island",2008,2211,16.6,0,0,1,0,0,17.4,NA,NA,NA,NA,NA,NA,NA,1.04819277108434,39
"Rhode Island",2009,2210,18,0,0,1,0,0,18.8,NA,NA,NA,NA,NA,NA,NA,1.04444444444444,39
"Rhode Island",2010,2209,16.4,0,0,1,0,0,17.5,NA,NA,NA,NA,NA,NA,NA,1.06707317073171,39
"Rhode Island",2011,2208,17.4,0,0,1,0,0,17.9,NA,NA,NA,NA,NA,NA,NA,1.02873563218391,39
"Rhode Island",2012,2207,17.9,0,0,1,0,0,18.5,NA,NA,NA,NA,NA,NA,NA,1.03351955307263,39
"Rhode Island",2013,2206,16.9,0,0,1,0,0,17.9,NA,NA,NA,NA,NA,NA,NA,1.05917159763314,39
"Rhode Island",2014,2205,15.1,0,0,1,0,0,15.8,NA,NA,NA,NA,NA,NA,NA,1.04635761589404,39
"Vermont",1979,2570,16,7940,0,0,1,0,17.1,NA,NA,NA,NA,NA,NA,NA,1.06875,45
"Vermont",1980,2569,14.5,8790,0,0,1,0,17.3,NA,NA,NA,NA,NA,NA,NA,1.19310344827586,45
"Vermont",1981,2568,21.7,9832,0,0,1,0,23.8,NA,NA,NA,NA,NA,NA,NA,1.09677419354839,45
"Vermont",1982,2567,17.3,10600,0,0,1,0,19.7,NA,NA,NA,NA,NA,NA,NA,1.13872832369942,45
"Vermont",1983,2566,12.9,11289,0,0,1,0,15.7,NA,NA,NA,NA,NA,NA,NA,1.21705426356589,45
"Vermont",1984,2565,11.5,12335,0,0,0,1,15.1,NA,NA,NA,NA,NA,NA,NA,1.31304347826087,45
"Vermont",1985,2564,13.2,13284,0,0,0,1,16.4,NA,NA,NA,NA,NA,NA,NA,1.24242424242424,45
"Vermont",1986,2563,11.3,14182,0,0,0,1,14.9,NA,NA,NA,NA,NA,NA,NA,1.31858407079646,45
"Vermont",1987,2562,11.3,15210,0,0,0,1,13.4,NA,NA,NA,NA,NA,NA,NA,1.1858407079646,45
"Vermont",1988,2561,10.8,16328,0,0,0,1,14.4,NA,NA,NA,NA,NA,NA,NA,1.33333333333333,45
"Vermont",1989,2560,12.1,17782,0,0,0,1,15.5,NA,NA,NA,NA,NA,NA,NA,1.28099173553719,45
"Vermont",1990,2559,12.9,18233,0,0,0,1,15.4,NA,NA,NA,NA,NA,NA,NA,1.1937984496124,45
"Vermont",1991,2558,11.9,18465,0,0,0,1,14.8,NA,NA,NA,NA,NA,NA,NA,1.2436974789916,45
"Vermont",1992,2557,10.8,19627,0,0,0,1,13.4,NA,NA,NA,NA,NA,NA,NA,1.24074074074074,45
"Vermont",1993,2556,10.1,20218,0,0,0,1,12.2,NA,NA,NA,NA,NA,NA,NA,1.20792079207921,45
"Vermont",1994,2555,9.6,20977,0,0,0,1,11.4,NA,NA,NA,NA,NA,NA,NA,1.1875,45
"Vermont",1995,2554,9.5,21885,0,0,0,1,11.8,NA,NA,NA,NA,NA,NA,NA,1.24210526315789,45
"Vermont",1996,2553,9.9,22883,0,0,0,1,11.5,NA,NA,NA,NA,NA,NA,NA,1.16161616161616,45
"Vermont",1997,2552,8.6,23999,0,0,0,1,10.1,"0.0120",0.1603,0.0526,0.2351,0.2314,0.1252,0.1833,1.17441860465116,45
"Vermont",1998,2551,9.5,25693,0,1,0,0,11.1,"0.0066",0.1931,0.0598,0.1387,0.2393,0.2622,0.1004,1.16842105263158,45
"Vermont",1999,2550,9.7,26963,0,1,0,0,10.9,NA,NA,NA,NA,NA,NA,NA,1.12371134020619,45
"Vermont",2000,2549,10.4,29014,0,0,0,1,12.5,NA,NA,NA,NA,NA,NA,NA,1.20192307692308,45
"Vermont",2001,2548,10.9,30716,0,0,0,1,12.5,NA,NA,NA,NA,NA,NA,NA,1.14678899082569,45
"Vermont",2002,2547,9.7,31217,0,0,0,1,11.1,NA,NA,NA,NA,NA,NA,NA,1.14432989690722,45
"Vermont",2003,2546,9.8,32338,0,0,0,1,11.8,NA,NA,NA,NA,NA,NA,NA,1.20408163265306,45
"Vermont",2004,2545,10,34087,0,1,0,0,11.6,NA,NA,NA,NA,NA,NA,NA,1.16,45
"Vermont",2005,2544,11,34878,0,1,0,0,13.2,NA,NA,NA,NA,NA,NA,NA,1.2,45
"Vermont",2006,2543,11.2,37008,0,1,0,0,13,NA,NA,NA,NA,NA,NA,NA,1.16071428571429,45
"Vermont",2007,2542,10.5,38944,0,1,0,0,12.3,NA,NA,NA,NA,NA,NA,NA,1.17142857142857,45
"Vermont",2008,2541,10.5,41022,0,1,0,0,13.1,NA,NA,NA,NA,NA,NA,NA,1.24761904761905,45
"Vermont",2009,2540,12.5,40479,0,1,0,0,14.3,NA,NA,NA,NA,NA,NA,NA,1.144,45
"Vermont",2010,2539,12,41733,0,1,0,0,13.8,NA,NA,NA,NA,NA,NA,NA,1.15,45
"Vermont",2011,2538,12.2,43982,0,1,0,0,13.7,NA,NA,NA,NA,NA,NA,NA,1.12295081967213,45
"Vermont",2012,2537,10.9,45277,0,1,0,0,13.3,NA,NA,NA,NA,NA,NA,NA,1.22018348623853,45
"Vermont",2013,2536,11.1,45770,0,1,0,0,13.4,NA,NA,NA,NA,NA,NA,NA,1.20720720720721,45
"Vermont",2014,2535,11.2,47641,0,1,0,0,13.3,NA,NA,NA,NA,NA,NA,NA,1.1875,45
"Washington",1979,2680,34.7,10156,0,0,0,1,39.5,NA,NA,NA,NA,NA,NA,NA,1.13832853025937,47
"Washington",1980,2679,32.9,11130,0,0,1,0,35.7,NA,NA,NA,NA,NA,NA,NA,1.08510638297872,47
"Washington",1981,2678,31.5,12133,0,0,1,0,37.7,NA,NA,NA,NA,NA,NA,NA,1.1968253968254,47
"Washington",1982,2677,29.8,12769,0,1,0,0,35.5,NA,NA,NA,NA,NA,NA,NA,1.19127516778523,47
"Washington",1983,2676,28.1,13553,0,1,0,0,33.4,NA,NA,NA,NA,NA,NA,NA,1.18861209964413,47
"Washington",1984,2675,26.3,14373,0,1,0,0,31.1,NA,NA,NA,NA,NA,NA,NA,1.18250950570342,47
"Washington",1985,2674,25.6,15085,0,1,0,0,29.6,NA,NA,NA,NA,NA,NA,NA,1.15625,47
"Washington",1986,2673,27,15917,0,1,0,0,31.8,NA,NA,NA,NA,NA,NA,NA,1.17777777777778,47
"Washington",1987,2672,23.9,16556,0,1,0,0,27.4,NA,NA,NA,NA,NA,NA,NA,1.14644351464435,47
"Washington",1988,2671,24.6,17613,0,0,0,1,29,NA,NA,NA,NA,NA,NA,NA,1.17886178861789,47
"Washington",1989,2670,23.4,19028,0,0,0,1,26.9,NA,NA,NA,NA,NA,NA,NA,1.14957264957265,47
"Washington",1990,2669,23.1,20222,0,0,0,1,26.4,NA,NA,NA,NA,NA,NA,NA,1.14285714285714,47
"Washington",1991,2668,23.2,21129,0,0,0,1,26.1,NA,NA,NA,NA,NA,NA,NA,1.125,47
"Washington",1992,2667,23.7,22237,0,1,0,0,26,NA,NA,NA,NA,NA,NA,NA,1.09704641350211,47
"Washington",1993,2666,24.2,22860,0,1,0,0,26.5,NA,NA,NA,NA,NA,NA,NA,1.09504132231405,47
"Washington",1994,2665,22.3,23600,0,0,0,1,25.6,NA,NA,NA,NA,NA,NA,NA,1.14798206278027,47
"Washington",1995,2664,21.3,24475,0,0,0,1,22.7,NA,NA,NA,NA,NA,NA,NA,1.06572769953052,47
"Washington",1996,2663,20.3,25898,0,0,0,1,22.3,NA,NA,NA,NA,NA,NA,NA,1.09852216748768,47
"Washington",1997,2662,21,27405,0,0,0,1,23.3,"0.0186",0.1644,0.0714,0.2298,0.2403,0.1188,0.1566,1.10952380952381,47
"Washington",1998,2661,21.8,29513,0,0,0,1,23.6,"0.0111",0.1969,0.0783,0.1332,0.2134,0.2702,0.0969,1.08256880733945,47
"Washington",1999,2660,21.1,30958,0,0,0,1,24.1,NA,NA,NA,NA,NA,NA,NA,1.14218009478673,47
"Washington",2000,2659,18.5,32723,0,0,0,1,20.3,NA,NA,NA,NA,NA,NA,NA,1.0972972972973,47
"Washington",2001,2658,18.8,33084,0,0,0,1,20.3,NA,NA,NA,NA,NA,NA,NA,1.07978723404255,47
"Washington",2002,2657,19,33212,0,0,0,1,20.5,NA,NA,NA,NA,NA,NA,NA,1.07894736842105,47
"Washington",2003,2656,19.9,34253,0,0,0,1,21,NA,NA,NA,NA,NA,NA,NA,1.05527638190955,47
"Washington",2004,2655,19.6,36378,0,1,0,0,20.5,NA,NA,NA,NA,NA,NA,NA,1.04591836734694,47
"Washington",2005,2654,19.3,37384,0,1,0,0,20.6,NA,NA,NA,NA,NA,NA,NA,1.06735751295337,47
"Washington",2006,2653,20.1,40027,0,1,0,0,21.3,NA,NA,NA,NA,NA,NA,NA,1.05970149253731,47
"Washington",2007,2652,20.4,42819,0,1,0,0,21.7,NA,NA,NA,NA,NA,NA,NA,1.06372549019608,47
"Washington",2008,2651,20.1,44241,0,1,0,0,21.8,NA,NA,NA,NA,NA,NA,NA,1.08457711442786,47
"Washington",2009,2650,20.6,41591,0,1,0,0,21.9,NA,NA,NA,NA,NA,NA,NA,1.0631067961165,47
"Washington",2010,2649,19.8,42348,0,1,0,0,21.7,NA,NA,NA,NA,NA,NA,NA,1.0959595959596,47
"Washington",2011,2648,19.3,44225,0,1,0,0,20.7,NA,NA,NA,NA,NA,NA,NA,1.07253886010363,47
"Washington",2012,2647,18.8,47320,0,1,0,0,19.8,NA,NA,NA,NA,NA,NA,NA,1.0531914893617,47
"Washington",2013,2646,19.2,47857,0,1,0,0,20,NA,NA,NA,NA,NA,NA,NA,1.04166666666667,47
"Washington",2014,2645,17.1,50890,0,0,0,0,18.7,NA,NA,NA,NA,NA,NA,NA,1.09356725146199,47
"Wisconsin",1979,2790,29.3,9172,0,1,0,0,32,NA,NA,NA,NA,NA,NA,NA,1.09215017064846,49
"Wisconsin",1980,2789,26.5,10034,0,1,0,0,30.2,NA,NA,NA,NA,NA,NA,NA,1.13962264150943,49
"Wisconsin",1981,2788,24.5,10920,0,1,0,0,27,NA,NA,NA,NA,NA,NA,NA,1.10204081632653,49
"Wisconsin",1982,2787,24.4,11517,0,1,0,0,27.2,NA,NA,NA,NA,NA,NA,NA,1.11475409836066,49
"Wisconsin",1983,2786,24.2,12114,0,1,0,0,27.4,NA,NA,NA,NA,NA,NA,NA,1.13223140495868,49
"Wisconsin",1984,2785,25,13285,0,1,0,0,27.5,NA,NA,NA,NA,NA,NA,NA,1.1,49
"Wisconsin",1985,2784,22.8,13960,0,1,0,0,24.3,NA,NA,NA,NA,NA,NA,NA,1.06578947368421,49
"Wisconsin",1986,2783,23.2,14702,0,1,0,0,24.6,NA,NA,NA,NA,NA,NA,NA,1.06034482758621,49
"Wisconsin",1987,2782,21.9,15445,0,1,0,0,23.2,NA,NA,NA,NA,NA,NA,NA,1.05936073059361,49
"Wisconsin",1988,2781,22.2,16269,0,1,0,0,23.2,NA,NA,NA,NA,NA,NA,NA,1.04504504504505,49
"Wisconsin",1989,2780,21.1,17612,0,1,0,0,22.5,NA,NA,NA,NA,NA,NA,NA,1.06635071090047,49
"Wisconsin",1990,2779,20.9,18438,0,1,0,0,21.9,NA,NA,NA,NA,NA,NA,NA,1.04784688995215,49
"Wisconsin",1991,2778,21.1,18936,0,1,0,0,22.6,NA,NA,NA,NA,NA,NA,NA,1.07109004739336,49
"Wisconsin",1992,2777,20.3,20179,0,1,0,0,21.8,NA,NA,NA,NA,NA,NA,NA,1.07389162561576,49
"Wisconsin",1993,2776,19.8,20986,0,1,0,0,21.1,NA,NA,NA,NA,NA,NA,NA,1.06565656565657,49
"Wisconsin",1994,2775,18.6,22088,0,0,0,1,19.7,NA,NA,NA,NA,NA,NA,NA,1.05913978494624,49
"Wisconsin",1995,2774,17.8,23015,0,0,0,1,19.3,NA,NA,NA,NA,NA,NA,NA,1.08426966292135,49
"Wisconsin",1996,2773,19.2,24129,0,0,0,1,20.1,NA,NA,NA,NA,NA,NA,NA,1.046875,49
"Wisconsin",1997,2772,19.1,25429,0,0,0,1,20.3,"0.0099",0.1585,0.0677,0.3044,0.1875,0.1107,0.1612,1.06282722513089,49
"Wisconsin",1998,2771,18.9,27031,0,0,0,1,19.8,"0.0058",0.2315,0.0632,0.1837,0.176,0.2462,0.0937,1.04761904761905,49
"Wisconsin",1999,2770,18.2,27933,0,0,0,1,19.1,NA,NA,NA,NA,NA,NA,NA,1.04945054945055,49
"Wisconsin",2000,2769,17.9,29556,0,0,0,1,19,NA,NA,NA,NA,NA,NA,NA,1.06145251396648,49
"Wisconsin",2001,2768,16.6,30841,0,0,0,1,17.8,NA,NA,NA,NA,NA,NA,NA,1.07228915662651,49
"Wisconsin",2002,2767,15.8,31425,0,0,1,0,16.6,NA,NA,NA,NA,NA,NA,NA,1.05063291139241,49
"Wisconsin",2003,2766,16,32148,0,0,1,0,16.9,NA,NA,NA,NA,NA,NA,NA,1.05625,49
"Wisconsin",2004,2765,16.1,33424,0,0,1,0,17,NA,NA,NA,NA,NA,NA,NA,1.05590062111801,49
"Wisconsin",2005,2764,16.2,34447,0,0,1,0,17.3,NA,NA,NA,NA,NA,NA,NA,1.0679012345679,49
"Wisconsin",2006,2763,15,36338,0,0,0,1,16.2,NA,NA,NA,NA,NA,NA,NA,1.08,49
"Wisconsin",2007,2762,14.4,37816,0,0,0,1,15.5,NA,NA,NA,NA,NA,NA,NA,1.07638888888889,49
"Wisconsin",2008,2761,15.1,39055,0,1,0,0,16.1,NA,NA,NA,NA,NA,NA,NA,1.06622516556291,49
"Wisconsin",2009,2760,15.4,38182,0,1,0,0,16,NA,NA,NA,NA,NA,NA,NA,1.03896103896104,49
"Wisconsin",2010,2759,14.3,39175,0,1,0,0,15.3,NA,NA,NA,NA,NA,NA,NA,1.06993006993007,49
"Wisconsin",2011,2758,13.5,41209,0,1,0,0,14.3,NA,NA,NA,NA,NA,NA,NA,1.05925925925926,49
"Wisconsin",2012,2757,11.4,42944,0,0,1,0,12.1,NA,NA,NA,NA,NA,NA,NA,1.06140350877193,49
"Wisconsin",2013,2756,12.4,43050,0,0,1,0,13.2,NA,NA,NA,NA,NA,NA,NA,1.06451612903226,49
"Wisconsin",2014,2755,11.6,44709,0,0,1,0,12.5,NA,NA,NA,NA,NA,NA,NA,1.07758620689655,49
"Wyoming",1979,2845,20.8,10437,1,0,1,0,24,NA,NA,NA,NA,NA,NA,NA,1.15384615384615,50
"Wyoming",1980,2844,17.9,11612,1,0,1,0,22,NA,NA,NA,NA,NA,NA,NA,1.22905027932961,50
"Wyoming",1981,2843,19.6,12812,1,0,1,0,21.9,NA,NA,NA,NA,NA,NA,NA,1.11734693877551,50
"Wyoming",1982,2842,16.9,13066,1,0,1,0,19.3,NA,NA,NA,NA,NA,NA,NA,1.14201183431953,50
"Wyoming",1983,2841,14.3,12870,1,0,1,0,16.7,NA,NA,NA,NA,NA,NA,NA,1.16783216783217,50
"Wyoming",1984,2840,15.7,13581,1,0,1,0,19,NA,NA,NA,NA,NA,NA,NA,1.21019108280255,50
"Wyoming",1985,2839,14.1,14330,1,0,1,0,18.1,NA,NA,NA,NA,NA,NA,NA,1.28368794326241,50
"Wyoming",1986,2838,12,14387,1,0,1,0,14.6,NA,NA,NA,NA,NA,NA,NA,1.21666666666667,50
"Wyoming",1987,2837,14,14392,1,0,1,0,16.3,NA,NA,NA,NA,NA,NA,NA,1.16428571428571,50
"Wyoming",1988,2836,13.6,15056,1,0,1,0,16.8,NA,NA,NA,NA,NA,NA,NA,1.23529411764706,50
"Wyoming",1989,2835,13.1,16673,1,0,1,0,16.5,NA,NA,NA,NA,NA,NA,NA,1.25954198473282,50
"Wyoming",1990,2834,13.9,18147,1,0,1,0,17.4,NA,NA,NA,NA,NA,NA,NA,1.25179856115108,50
"Wyoming",1991,2833,12.7,18818,1,0,1,0,15.8,NA,NA,NA,NA,NA,NA,NA,1.24409448818898,50
"Wyoming",1992,2832,12.4,19583,1,0,1,0,15,NA,NA,NA,NA,NA,NA,NA,1.20967741935484,50
"Wyoming",1993,2831,11.2,20419,1,0,1,0,13.6,NA,NA,NA,NA,NA,NA,NA,1.21428571428571,50
"Wyoming",1994,2830,11.7,21034,1,0,1,0,14.8,NA,NA,NA,NA,NA,NA,NA,1.26495726495727,50
"Wyoming",1995,2829,11.5,21818,1,0,1,0,13.5,NA,NA,NA,NA,NA,NA,NA,1.17391304347826,50
"Wyoming",1996,2828,10,22693,1,0,1,0,11.9,NA,NA,NA,NA,NA,NA,NA,1.19,50
"Wyoming",1997,2827,9.5,24282,1,0,1,0,11.2,"0.0147",0.1455,0.0676,0.2764,0.1882,0.1096,0.198,1.17894736842105,50
"Wyoming",1998,2826,9.8,25755,1,0,1,0,11.6,"0.0087",0.1816,0.0642,0.167,0.2078,0.252,0.1188,1.18367346938776,50
"Wyoming",1999,2825,9.4,27518,1,0,1,0,11.2,NA,NA,NA,NA,NA,NA,NA,1.19148936170213,50
"Wyoming",2000,2824,8.5,29607,1,0,1,0,10.2,NA,NA,NA,NA,NA,NA,NA,1.2,50
"Wyoming",2001,2823,9.3,31347,1,0,1,0,11.3,NA,NA,NA,NA,NA,NA,NA,1.21505376344086,50
"Wyoming",2002,2822,7.9,31854,1,0,1,0,10,NA,NA,NA,NA,NA,NA,NA,1.26582278481013,50
"Wyoming",2003,2821,8,33686,1,0,1,0,9.9,NA,NA,NA,NA,NA,NA,NA,1.2375,50
"Wyoming",2004,2820,8.2,36065,1,0,1,0,10,NA,NA,NA,NA,NA,NA,NA,1.21951219512195,50
"Wyoming",2005,2819,8.1,39385,1,0,1,0,9.7,NA,NA,NA,NA,NA,NA,NA,1.19753086419753,50
"Wyoming",2006,2818,8.4,44492,1,0,1,0,10.2,NA,NA,NA,NA,NA,NA,NA,1.21428571428571,50
"Wyoming",2007,2817,8.1,46278,1,0,1,0,9.6,NA,NA,NA,NA,NA,NA,NA,1.18518518518519,50
"Wyoming",2008,2816,8,49746,1,0,1,0,9.1,NA,NA,NA,NA,NA,NA,NA,1.1375,50
"Wyoming",2009,2815,7.9,44564,1,0,1,0,8.5,NA,NA,NA,NA,NA,NA,NA,1.07594936708861,50
"Wyoming",2010,2814,7.4,46649,1,0,1,0,8.5,NA,NA,NA,NA,NA,NA,NA,1.14864864864865,50
"Wyoming",2011,2813,7.3,50783,1,0,1,0,8.5,NA,NA,NA,NA,NA,NA,NA,1.16438356164384,50
"Wyoming",2012,2812,6.9,54213,1,0,1,0,8.3,NA,NA,NA,NA,NA,NA,NA,1.20289855072464,50
"Wyoming",2013,2811,5.7,53776,1,0,1,0,6.5,NA,NA,NA,NA,NA,NA,NA,1.14035087719298,50
"Wyoming",2014,2810,6.8,57749,1,0,1,0,7.6,NA,NA,NA,NA,NA,NA,NA,1.11764705882353,50
